orderDate_sk,CalendarDay,CalendarWeek,CalendarQuarter,CalendarMonth,CalendarYear,FiscalDay,FiscalWeek,FiscalQuarter,FiscalMonth,FiscalYear,date
1,,,,,,,,,,,
2,5,28,3,7,2009,5,40,2,4,2010,7/5/09
3,9,46,4,11,2005,9,58,3,8,2006,11/9/05
4,15,25,2,6,2009,15,37,1,3,2010,6/15/09
5,28,27,2,6,2009,28,39,1,3,2010,6/28/09
6,19,25,2,6,2009,19,37,1,3,2010,6/19/09
7,9,28,3,7,2009,9,40,2,4,2010,7/9/09
8,17,25,2,6,2009,17,37,1,3,2010,6/17/09
9,12,29,3,7,2009,12,41,2,4,2010,7/12/09
10,16,47,4,11,2009,16,59,3,8,2010,11/16/09
11,17,47,4,11,2009,17,59,3,8,2010,11/17/09
12,14,46,4,11,2009,14,58,3,8,2010,11/14/09
13,27,44,4,10,2009,27,56,3,7,2010,10/27/09
14,3,45,4,11,2009,3,57,3,8,2010,11/3/09
15,11,46,4,11,2009,11,58,3,8,2010,11/11/09
16,23,43,4,10,2009,23,55,3,7,2010,10/23/09
17,14,11,1,3,2007,14,51,4,12,2007,3/14/07
18,16,42,4,10,2009,16,54,3,7,2010,10/16/09
19,14,38,3,9,2005,14,50,2,6,2006,9/14/05
20,22,39,3,9,2005,22,51,2,6,2006,9/22/05
21,9,15,2,4,2007,9,27,1,1,2008,4/9/07
22,1,36,3,9,2005,1,48,2,6,2006,9/1/05
23,12,38,3,9,2005,12,50,2,6,2006,9/12/05
24,13,38,3,9,2005,13,50,2,6,2006,9/13/05
25,26,35,3,8,2005,26,47,2,5,2006,8/26/05
26,16,16,2,4,2007,16,28,1,1,2008,4/16/07
27,29,36,3,8,2005,29,48,2,5,2006,8/29/05
28,28,1,4,12,2004,28,41,3,9,2005,12/28/04
29,26,17,2,4,2008,26,29,1,1,2009,4/26/08
30,7,32,3,8,2009,7,44,2,5,2010,8/7/09
31,21,29,3,7,2007,21,41,2,4,2008,7/21/07
32,26,22,2,5,2009,26,34,1,2,2010,5/26/09
33,10,15,2,4,2009,10,27,1,1,2010,4/10/09
34,5,10,1,3,2005,5,50,4,12,2005,3/5/05
35,8,41,4,10,2010,8,53,3,7,2011,10/8/10
36,12,7,1,2,2005,12,47,4,11,2005,2/12/05
37,29,40,3,9,2010,29,52,2,6,2011,9/29/10
38,26,40,3,9,2010,26,52,2,6,2011,9/26/10
39,10,42,4,10,2010,10,54,3,7,2011,10/10/10
40,18,38,3,9,2010,18,50,2,6,2011,9/18/10
41,20,21,2,5,2009,20,33,1,2,2010,5/20/09
42,19,43,4,10,2010,19,55,3,7,2011,10/19/10
43,17,42,4,10,2007,17,54,3,7,2008,10/17/07
44,6,41,4,10,2005,6,53,3,7,2006,10/6/05
45,16,8,1,2,2005,16,48,4,11,2005,2/16/05
46,18,17,2,4,2010,18,29,1,1,2011,4/18/10
47,17,16,2,4,2010,17,28,1,1,2011,4/17/10
48,10,15,2,4,2010,10,27,1,1,2011,4/10/10
49,30,18,2,4,2008,30,30,1,1,2009,4/30/08
50,1,40,4,10,2005,1,52,3,7,2006,10/1/05
51,23,21,2,5,2006,23,33,1,2,2007,5/23/06
52,12,19,2,5,2006,12,31,1,2,2007,5/12/06
53,26,30,3,7,2007,26,42,2,4,2008,7/26/07
54,25,17,2,4,2006,25,29,1,1,2007,4/25/06
55,26,31,3,7,2005,26,43,2,4,2006,7/26/05
56,11,28,3,7,2007,11,40,2,4,2008,7/11/07
57,18,47,4,11,2005,18,59,3,8,2006,11/18/05
58,16,29,3,7,2007,16,41,2,4,2008,7/16/07
59,20,43,4,10,2009,20,55,3,7,2010,10/20/09
60,9,46,4,11,2009,9,58,3,8,2010,11/9/09
61,14,24,2,6,2008,14,36,1,3,2009,6/14/08
62,12,24,2,6,2008,12,36,1,3,2009,6/12/08
63,20,25,2,6,2008,20,37,1,3,2009,6/20/08
64,13,24,2,6,2008,13,36,1,3,2009,6/13/08
65,6,28,3,7,2008,6,40,2,4,2009,7/6/08
66,24,43,4,10,2009,24,55,3,7,2010,10/24/09
67,29,44,4,10,2009,29,56,3,7,2010,10/29/09
68,2,18,2,5,2008,2,30,1,2,2009,5/2/08
69,3,31,3,8,2007,3,43,2,5,2008,8/3/07
70,24,17,2,4,2009,24,29,1,1,2010,4/24/09
71,9,15,2,4,2009,9,27,1,1,2010,4/9/09
72,2,45,4,11,2009,2,57,3,8,2010,11/2/09
73,17,16,2,4,2009,17,28,1,1,2010,4/17/09
74,22,4,1,1,2006,22,44,4,10,2006,1/22/06
75,31,14,1,3,2005,31,26,4,12,2005,3/31/05
76,13,12,1,3,2005,13,24,4,12,2005,3/13/05
77,21,13,1,3,2005,21,25,4,12,2005,3/21/05
78,24,13,1,3,2005,24,25,4,12,2005,3/24/05
79,19,47,4,11,2005,19,59,3,8,2006,11/19/05
80,11,11,1,3,2005,11,51,4,12,2005,3/11/05
81,3,15,2,4,2005,3,27,1,1,2006,4/3/05
82,12,24,2,6,2009,12,36,1,3,2010,6/12/09
83,14,16,2,4,2009,14,28,1,1,2010,4/14/09
84,24,47,4,11,2007,24,59,3,8,2008,11/24/07
85,29,35,3,8,2007,29,47,2,5,2008,8/29/07
86,26,35,3,8,2007,26,47,2,5,2008,8/26/07
87,2,36,3,9,2007,2,48,2,6,2008,9/2/07
88,14,33,3,8,2007,14,45,2,5,2008,8/14/07
89,20,48,4,11,2005,20,60,3,8,2006,11/20/05
90,4,31,3,8,2007,4,43,2,5,2008,8/4/07
91,3,36,3,9,2010,3,48,2,6,2011,9/3/10
92,14,51,4,12,2005,14,63,3,9,2006,12/14/05
93,27,53,4,12,2005,27,65,3,9,2006,12/27/05
94,6,1,1,1,2006,6,41,4,10,2006,1/6/06
95,20,17,2,4,2009,20,29,1,1,2010,4/20/09
96,7,50,4,12,2005,7,62,3,9,2006,12/7/05
97,20,52,4,12,2005,20,64,3,9,2006,12/20/05
98,2,10,1,3,2009,2,50,4,12,2009,3/2/09
99,22,43,4,10,2006,22,55,3,7,2007,10/22/06
100,12,24,2,6,2006,12,36,1,3,2007,6/12/06
101,13,7,1,2,2009,13,47,4,11,2009,2/13/09
102,1,10,1,3,2009,1,50,4,12,2009,3/1/09
103,5,10,1,3,2009,5,50,4,12,2009,3/5/09
104,4,32,3,8,2005,4,44,2,5,2006,8/4/05
105,2,18,2,5,2006,2,30,1,2,2007,5/2/06
106,22,30,3,7,2005,22,42,2,4,2006,7/22/05
107,29,31,3,7,2005,29,43,2,4,2006,7/29/05
108,28,31,3,7,2005,28,43,2,4,2006,7/28/05
109,27,31,3,7,2005,27,43,2,4,2006,7/27/05
110,9,33,3,8,2005,9,45,2,5,2006,8/9/05
111,25,31,3,7,2005,25,43,2,4,2006,7/25/05
112,14,34,3,8,2005,14,46,2,5,2006,8/14/05
113,24,31,3,7,2005,24,43,2,4,2006,7/24/05
114,12,33,3,8,2007,12,45,2,5,2008,8/12/07
115,5,32,3,8,2007,5,44,2,5,2008,8/5/07
116,9,32,3,8,2007,9,44,2,5,2008,8/9/07
117,10,32,3,8,2007,10,44,2,5,2008,8/10/07
118,19,29,3,7,2007,19,41,2,4,2008,7/19/07
119,1,31,3,8,2007,1,43,2,5,2008,8/1/07
120,25,30,3,7,2007,25,42,2,4,2008,7/25/07
121,6,32,3,8,2007,6,44,2,5,2008,8/6/07
122,22,25,2,6,2007,22,37,1,3,2008,6/22/07
123,25,21,2,5,2006,25,33,1,2,2007,5/25/06
124,7,23,2,6,2007,7,35,1,3,2008,6/7/07
125,19,25,2,6,2007,19,37,1,3,2008,6/19/07
126,10,11,1,3,2005,10,51,4,12,2005,3/10/05
127,4,15,2,4,2005,4,27,1,1,2006,4/4/05
128,20,13,1,3,2005,20,25,4,12,2005,3/20/05
129,8,24,2,6,2010,8,36,1,3,2011,6/8/10
130,6,49,4,12,2006,6,61,3,9,2007,12/6/06
131,14,25,2,6,2010,14,37,1,3,2011,6/14/10
132,26,9,1,2,2005,26,49,4,11,2005,2/26/05
133,3,40,4,10,2006,3,52,3,7,2007,10/3/06
134,8,41,4,10,2006,8,53,3,7,2007,10/8/06
135,1,40,4,10,2006,1,52,3,7,2007,10/1/06
136,9,41,4,10,2006,9,53,3,7,2007,10/9/06
137,23,38,3,9,2006,23,50,2,6,2007,9/23/06
138,28,48,4,11,2007,28,60,3,8,2008,11/28/07
139,19,38,3,9,2006,19,50,2,6,2007,9/19/06
140,1,49,4,12,2008,1,61,3,9,2009,12/1/08
141,14,46,4,11,2007,14,58,3,8,2008,11/14/07
142,30,49,4,11,2008,30,61,3,8,2009,11/30/08
143,26,48,4,11,2007,26,60,3,8,2008,11/26/07
144,5,45,4,11,2007,5,57,3,8,2008,11/5/07
145,29,48,4,11,2008,29,60,3,8,2009,11/29/08
146,9,7,1,2,2005,9,47,4,11,2005,2/9/05
147,22,47,4,11,2008,22,59,3,8,2009,11/22/08
148,20,47,4,11,2008,20,59,3,8,2009,11/20/08
149,11,15,2,4,2007,11,27,1,1,2008,4/11/07
150,15,8,1,2,2005,15,48,4,11,2005,2/15/05
151,3,10,1,3,2005,3,50,4,12,2005,3/3/05
152,16,20,2,5,2006,16,32,1,2,2007,5/16/06
153,19,51,4,12,2008,19,63,3,9,2009,12/19/08
154,17,7,1,2,2006,17,47,4,11,2006,2/17/06
155,17,3,1,1,2006,17,43,4,10,2006,1/17/06
156,11,37,3,9,2007,11,49,2,6,2008,9/11/07
157,15,37,3,9,2007,15,49,2,6,2008,9/15/07
158,4,5,1,2,2006,4,45,4,11,2006,2/4/06
159,6,6,1,2,2006,6,46,4,11,2006,2/6/06
160,26,43,4,10,2006,26,55,3,7,2007,10/26/06
161,26,52,4,12,2008,26,64,3,9,2009,12/26/08
162,24,43,4,10,2007,24,55,3,7,2008,10/24/07
163,8,45,4,11,2007,8,57,3,8,2008,11/8/07
164,31,44,4,10,2007,31,56,3,7,2008,10/31/07
165,27,22,2,5,2009,27,34,1,2,2010,5/27/09
166,20,42,4,10,2007,20,54,3,7,2008,10/20/07
167,28,18,2,4,2009,28,30,1,1,2010,4/28/09
168,7,19,2,5,2009,7,31,1,2,2010,5/7/09
169,25,17,2,4,2009,25,29,1,1,2010,4/25/09
170,25,22,2,5,2010,25,34,1,2,2011,5/25/10
171,4,32,3,8,2008,4,44,2,5,2009,8/4/08
172,12,28,3,7,2008,12,40,2,4,2009,7/12/08
173,19,25,2,6,2010,19,37,1,3,2011,6/19/10
174,9,24,2,6,2010,9,36,1,3,2011,6/9/10
175,29,31,3,7,2008,29,43,2,4,2009,7/29/08
176,17,25,2,6,2010,17,37,1,3,2011,6/17/10
177,17,29,3,7,2008,17,41,2,4,2009,7/17/08
178,21,26,2,6,2009,21,38,1,3,2010,6/21/09
179,7,24,2,6,2010,7,36,1,3,2011,6/7/10
180,16,25,2,6,2009,16,37,1,3,2010,6/16/09
181,23,26,2,6,2009,23,38,1,3,2010,6/23/09
182,27,31,3,7,2008,27,43,2,4,2009,7/27/08
183,22,30,3,7,2008,22,42,2,4,2009,7/22/08
184,6,23,2,6,2007,6,35,1,3,2008,6/6/07
185,20,51,4,12,2008,20,63,3,9,2009,12/20/08
186,6,50,4,12,2009,6,62,3,9,2010,12/6/09
187,23,52,4,12,2009,23,64,3,9,2010,12/23/09
188,28,31,3,7,2009,28,43,2,4,2010,7/28/09
189,24,22,2,5,2009,24,34,1,2,2010,5/24/09
190,4,2,1,1,2010,4,42,4,10,2010,1/4/10
191,30,36,3,8,2005,30,48,2,5,2006,8/30/05
192,18,51,4,12,2009,18,63,3,9,2010,12/18/09
193,15,51,4,12,2009,15,63,3,9,2010,12/15/09
194,12,50,4,12,2009,12,62,3,9,2010,12/12/09
195,24,52,4,12,2009,24,64,3,9,2010,12/24/09
196,27,10,1,2,2005,27,50,4,11,2005,2/27/05
197,18,21,2,5,2010,18,33,1,2,2011,5/18/10
198,4,10,1,3,2005,4,50,4,12,2005,3/4/05
199,21,48,4,11,2005,21,60,3,8,2006,11/21/05
200,22,25,2,6,2006,22,37,1,3,2007,6/22/06
201,26,48,4,11,2005,26,60,3,8,2006,11/26/05
202,9,28,3,7,2006,9,40,2,4,2007,7/9/06
203,6,50,4,12,2005,6,62,3,9,2006,12/6/05
204,13,24,2,6,2006,13,36,1,3,2007,6/13/06
205,30,26,2,6,2006,30,38,1,3,2007,6/30/06
206,8,50,4,12,2005,8,62,3,9,2006,12/8/05
207,10,7,1,2,2005,10,47,4,11,2005,2/10/05
208,27,49,4,11,2005,27,61,3,8,2006,11/27/05
209,19,4,1,1,2005,19,44,4,10,2005,1/19/05
210,22,26,2,6,2005,22,38,1,3,2006,6/22/05
211,19,25,2,6,2006,19,37,1,3,2007,6/19/06
212,31,6,1,1,2005,31,46,4,10,2005,1/31/05
213,7,40,4,10,2006,7,52,3,7,2007,10/7/06
214,23,4,1,1,2006,23,44,4,10,2006,1/23/06
215,18,3,1,1,2006,18,43,4,10,2006,1/18/06
216,11,7,1,2,2009,11,47,4,11,2009,2/11/09
217,22,9,1,2,2009,22,49,4,11,2009,2/22/09
218,12,2,1,1,2006,12,42,4,10,2006,1/12/06
219,24,9,1,2,2009,24,49,4,11,2009,2/24/09
220,24,4,1,1,2009,24,44,4,10,2009,1/24/09
221,9,7,1,2,2009,9,47,4,11,2009,2/9/09
222,14,2,1,1,2006,14,42,4,10,2006,1/14/06
223,18,34,3,8,2009,18,46,2,5,2010,8/18/09
224,1,31,3,8,2009,1,43,2,5,2010,8/1/09
225,8,2,1,1,2010,8,42,4,10,2010,1/8/10
226,30,31,3,7,2009,30,43,2,4,2010,7/30/09
227,8,32,3,8,2009,8,44,2,5,2010,8/8/09
228,14,33,3,8,2009,14,45,2,5,2010,8/14/09
229,4,32,3,8,2009,4,44,2,5,2010,8/4/09
230,9,33,3,8,2009,9,45,2,5,2010,8/9/09
231,31,44,4,10,2009,31,56,3,7,2010,10/31/09
232,23,43,4,10,2007,23,55,3,7,2008,10/23/07
233,28,44,4,10,2007,28,56,3,7,2008,10/28/07
234,12,16,2,4,2005,12,28,1,1,2006,4/12/05
235,10,41,4,10,2009,10,53,3,7,2010,10/10/09
236,28,14,1,3,2005,28,26,4,12,2005,3/28/05
237,8,15,2,4,2005,8,27,1,1,2006,4/8/05
238,1,40,4,10,2009,1,52,3,7,2010,10/1/09
239,14,16,2,4,2005,14,28,1,1,2006,4/14/05
240,18,47,4,11,2009,18,59,3,8,2010,11/18/09
241,30,14,1,3,2005,30,26,4,12,2005,3/30/05
242,23,39,3,9,2009,23,51,2,6,2010,9/23/09
243,17,38,3,9,2006,17,50,2,6,2007,9/17/06
244,20,47,4,11,2009,20,59,3,8,2010,11/20/09
245,14,51,4,12,2009,14,63,3,9,2010,12/14/09
246,20,38,3,9,2006,20,50,2,6,2007,9/20/06
247,16,33,3,8,2008,16,45,2,5,2009,8/16/08
248,10,33,3,8,2008,10,45,2,5,2009,8/10/08
249,13,33,3,8,2008,13,45,2,5,2009,8/13/08
250,19,34,3,8,2008,19,46,2,5,2009,8/19/08
251,30,31,3,7,2008,30,43,2,4,2009,7/30/08
252,26,30,3,7,2008,26,42,2,4,2009,7/26/08
253,27,35,3,8,2010,27,47,2,5,2011,8/27/10
254,21,34,3,8,2010,21,46,2,5,2011,8/21/10
255,7,32,3,8,2010,7,44,2,5,2011,8/7/10
256,20,34,3,8,2010,20,46,2,5,2011,8/20/10
257,31,31,3,7,2008,31,43,2,4,2009,7/31/08
258,2,14,2,4,2008,2,26,1,1,2009,4/2/08
259,14,42,4,10,2009,14,54,3,7,2010,10/14/09
260,6,45,4,11,2009,6,57,3,8,2010,11/6/09
261,6,41,4,10,2009,6,53,3,7,2010,10/6/09
262,25,40,3,9,2005,25,52,2,6,2006,9/25/05
263,28,44,4,10,2009,28,56,3,7,2010,10/28/09
264,26,26,2,6,2009,26,38,1,3,2010,6/26/09
265,7,24,2,6,2009,7,36,1,3,2010,6/7/09
266,24,26,2,6,2009,24,38,1,3,2010,6/24/09
267,29,22,2,5,2009,29,34,1,2,2010,5/29/09
268,13,24,2,6,2009,13,36,1,3,2010,6/13/09
269,23,26,2,6,2005,23,38,1,3,2006,6/23/05
270,16,38,3,9,2009,16,50,2,6,2010,9/16/09
271,20,26,2,6,2010,20,38,1,3,2011,6/20/10
272,11,41,4,10,2007,11,53,3,7,2008,10/11/07
273,29,39,3,9,2007,29,51,2,6,2008,9/29/07
274,18,29,3,7,2007,18,41,2,4,2008,7/18/07
275,21,43,4,10,2007,21,55,3,7,2008,10/21/07
276,8,28,3,7,2010,8,40,2,4,2011,7/8/10
277,18,25,2,6,2010,18,37,1,3,2011,6/18/10
278,16,25,2,6,2010,16,37,1,3,2011,6/16/10
279,9,11,1,3,2009,9,51,4,12,2009,3/9/09
280,7,10,1,3,2009,7,50,4,12,2009,3/7/09
281,28,13,1,3,2009,28,25,4,12,2009,3/28/09
282,5,18,2,5,2006,5,30,1,2,2007,5/5/06
283,14,11,1,3,2009,14,51,4,12,2009,3/14/09
284,1,5,1,2,2006,1,45,4,11,2006,2/1/06
285,18,20,2,5,2006,18,32,1,2,2007,5/18/06
286,3,6,1,2,2009,3,46,4,11,2009,2/3/09
287,21,3,1,1,2006,21,43,4,10,2006,1/21/06
288,14,20,2,5,2006,14,32,1,2,2007,5/14/06
289,7,6,1,2,2007,7,46,4,11,2007,2/7/07
290,22,21,2,5,2006,22,33,1,2,2007,5/22/06
291,10,28,3,7,2006,10,40,2,4,2007,7/10/06
292,3,27,3,7,2006,3,39,2,4,2007,7/3/06
293,14,24,2,6,2006,14,36,1,3,2007,6/14/06
294,3,49,4,12,2008,3,61,3,9,2009,12/3/08
295,1,1,1,1,2006,1,41,4,10,2006,1/1/06
296,4,23,2,6,2006,4,35,1,3,2007,6/4/06
297,23,48,4,11,2008,23,60,3,8,2009,11/23/08
298,10,50,4,12,2008,10,62,3,9,2009,12/10/08
299,23,21,2,5,2008,23,33,1,2,2009,5/23/08
300,17,25,2,6,2008,17,37,1,3,2009,6/17/08
301,15,7,1,2,2006,15,47,4,11,2006,2/15/06
302,26,22,2,5,2008,26,34,1,2,2009,5/26/08
303,11,24,2,6,2008,11,36,1,3,2009,6/11/08
304,22,21,2,5,2008,22,33,1,2,2009,5/22/08
305,19,21,2,5,2008,19,33,1,2,2009,5/19/08
306,18,7,1,2,2006,18,47,4,11,2006,2/18/06
307,29,5,1,1,2006,29,45,4,10,2006,1/29/06
308,11,20,2,5,2009,11,32,1,2,2010,5/11/09
309,6,15,2,4,2009,6,27,1,1,2010,4/6/09
310,18,38,3,9,2007,18,50,2,6,2008,9/18/07
311,25,43,4,10,2006,25,55,3,7,2007,10/25/06
312,26,39,3,9,2007,26,51,2,6,2008,9/26/07
313,23,35,3,8,2005,23,47,2,5,2006,8/23/05
314,25,13,1,3,2009,25,25,4,12,2009,3/25/09
315,4,44,4,11,2006,4,56,3,8,2007,11/4/06
316,2,14,2,4,2009,2,26,1,1,2010,4/2/09
317,23,13,1,3,2009,23,25,4,12,2009,3/23/09
318,4,14,2,4,2009,4,26,1,1,2010,4/4/09
319,7,15,2,4,2009,7,27,1,1,2010,4/7/09
320,12,16,2,4,2009,12,28,1,1,2010,4/12/09
321,15,42,4,10,2006,15,54,3,7,2007,10/15/06
322,6,24,2,6,2010,6,36,1,3,2011,6/6/10
323,2,19,2,5,2005,2,31,1,2,2006,5/2/05
324,2,23,2,6,2010,2,35,1,3,2011,6/2/10
325,21,21,2,5,2010,21,33,1,2,2011,5/21/10
326,13,25,2,6,2010,13,37,1,3,2011,6/13/10
327,17,21,2,5,2010,17,33,1,2,2011,5/17/10
328,28,35,3,8,2009,28,47,2,5,2010,8/28/09
329,16,34,3,8,2009,16,46,2,5,2010,8/16/09
330,25,39,3,9,2006,25,51,2,6,2007,9/25/06
331,5,36,3,9,2006,5,48,2,6,2007,9/5/06
332,6,6,1,2,2008,6,46,4,11,2008,2/6/08
333,13,37,3,9,2006,13,49,2,6,2007,9/13/06
334,15,37,3,9,2006,15,49,2,6,2007,9/15/06
335,26,39,3,9,2006,26,51,2,6,2007,9/26/06
336,11,37,3,9,2006,11,49,2,6,2007,9/11/06
337,13,3,1,1,2008,13,43,4,10,2008,1/13/08
338,27,18,2,4,2005,27,30,1,1,2006,4/27/05
339,18,33,3,8,2007,18,45,2,5,2008,8/18/07
340,24,34,3,8,2006,24,46,2,5,2007,8/24/06
341,20,34,3,8,2006,20,46,2,5,2007,8/20/06
342,14,29,3,7,2010,14,41,2,4,2011,7/14/10
343,17,33,3,8,2006,17,45,2,5,2007,8/17/06
344,3,31,3,8,2006,3,43,2,5,2007,8/3/06
345,10,32,3,8,2006,10,44,2,5,2007,8/10/06
346,16,33,3,8,2006,16,45,2,5,2007,8/16/06
347,18,8,1,2,2007,18,48,4,11,2007,2/18/07
348,20,8,1,2,2007,20,48,4,11,2007,2/20/07
349,5,6,1,2,2007,5,46,4,11,2007,2/5/07
350,15,7,1,2,2007,15,47,4,11,2007,2/15/07
351,2,5,1,2,2007,2,45,4,11,2007,2/2/07
352,29,5,1,1,2007,29,45,4,10,2007,1/29/07
353,18,30,3,7,2010,18,42,2,4,2011,7/18/10
354,21,17,2,4,2009,21,29,1,1,2010,4/21/09
355,12,29,3,7,2010,12,41,2,4,2011,7/12/10
356,17,24,2,6,2006,17,36,1,3,2007,6/17/06
357,30,22,2,5,2006,30,34,1,2,2007,5/30/06
358,31,22,2,5,2007,31,34,1,2,2008,5/31/07
359,5,6,1,2,2008,5,46,4,11,2008,2/5/08
360,20,4,1,1,2008,20,44,4,10,2008,1/20/08
361,8,6,1,2,2008,8,46,4,11,2008,2/8/08
362,19,8,1,2,2007,19,48,4,11,2007,2/19/07
363,1,49,4,12,2009,1,61,3,9,2010,12/1/09
364,24,26,2,6,2005,24,38,1,3,2006,6/24/05
365,6,24,2,6,2005,6,36,1,3,2006,6/6/05
366,11,24,2,6,2010,11,36,1,3,2011,6/11/10
367,17,38,3,9,2010,17,50,2,6,2011,9/17/10
368,12,25,2,6,2005,12,37,1,3,2006,6/12/05
369,4,19,2,5,2008,4,31,1,2,2009,5/4/08
370,5,6,1,2,2010,5,46,4,11,2010,2/5/10
371,24,21,2,5,2008,24,33,1,2,2009,5/24/08
372,24,43,4,10,2008,24,55,3,7,2009,10/24/08
373,28,22,2,5,2008,28,34,1,2,2009,5/28/08
374,20,21,2,5,2008,20,33,1,2,2009,5/20/08
375,1,6,1,2,2010,1,46,4,11,2010,2/1/10
376,17,20,2,5,2008,17,32,1,2,2009,5/17/08
377,24,8,1,2,2006,24,48,4,11,2006,2/24/06
378,10,7,1,2,2010,10,47,4,11,2010,2/10/10
379,11,7,1,2,2010,11,47,4,11,2010,2/11/10
380,3,27,3,7,2010,3,39,2,4,2011,7/3/10
381,3,1,1,1,2009,3,41,4,10,2009,1/3/09
382,13,29,3,7,2010,13,41,2,4,2011,7/13/10
383,25,9,1,2,2005,25,49,4,11,2005,2/25/05
384,16,24,2,6,2007,16,36,1,3,2008,6/16/07
385,28,40,3,9,2005,28,52,2,6,2006,9/28/05
386,21,39,3,9,2005,21,51,2,6,2006,9/21/05
387,23,39,3,9,2005,23,51,2,6,2006,9/23/05
388,2,36,3,9,2005,2,48,2,6,2006,9/2/05
389,8,7,1,2,2010,8,47,4,11,2010,2/8/10
390,24,35,3,8,2005,24,47,2,5,2006,8/24/05
391,27,40,3,9,2005,27,52,2,6,2006,9/27/05
392,14,7,1,2,2009,14,47,4,11,2009,2/14/09
393,8,10,1,3,2006,8,50,4,12,2006,3/8/06
394,12,37,3,9,2006,12,49,2,6,2007,9/12/06
395,16,47,4,11,2008,16,59,3,8,2009,11/16/08
396,7,36,3,9,2006,7,48,2,6,2007,9/7/06
397,29,39,3,9,2006,29,51,2,6,2007,9/29/06
398,18,12,1,3,2009,18,24,4,12,2009,3/18/09
399,3,10,1,3,2009,3,50,4,12,2009,3/3/09
400,16,8,1,2,2009,16,48,4,11,2009,2/16/09
401,18,8,1,2,2009,18,48,4,11,2009,2/18/09
402,25,9,1,2,2009,25,49,4,11,2009,2/25/09
403,12,11,1,3,2009,12,51,4,12,2009,3/12/09
404,29,35,3,8,2009,29,47,2,5,2010,8/29/09
405,14,41,4,10,2006,14,53,3,7,2007,10/14/06
406,11,28,3,7,2008,11,40,2,4,2009,7/11/08
407,9,41,4,10,2007,9,53,3,7,2008,10/9/07
408,16,25,2,6,2008,16,37,1,3,2009,6/16/08
409,10,41,4,10,2006,10,53,3,7,2007,10/10/06
410,24,22,2,5,2010,24,34,1,2,2011,5/24/10
411,3,44,4,11,2006,3,56,3,8,2007,11/3/06
412,29,27,2,6,2008,29,39,1,3,2009,6/29/08
413,3,14,2,4,2009,3,26,1,1,2010,4/3/09
414,1,9,1,3,2006,1,49,4,12,2006,3/1/06
415,10,28,3,7,2010,10,40,2,4,2011,7/10/10
416,9,28,3,7,2005,9,40,2,4,2006,7/9/05
417,6,28,3,7,2010,6,40,2,4,2011,7/6/10
418,13,11,1,3,2006,13,51,4,12,2006,3/13/06
419,7,28,3,7,2008,7,40,2,4,2009,7/7/08
420,29,13,1,3,2006,29,25,4,12,2006,3/29/06
421,5,32,3,8,2005,5,44,2,5,2006,8/5/05
422,12,2,1,1,2008,12,42,4,10,2008,1/12/08
423,7,14,2,4,2006,7,26,1,1,2007,4/7/06
424,5,36,3,9,2007,5,48,2,6,2008,9/5/07
425,3,36,3,9,2007,3,48,2,6,2008,9/3/07
426,23,52,4,12,2007,23,64,3,9,2008,12/23/07
427,27,35,3,8,2007,27,47,2,5,2008,8/27/07
428,19,38,3,9,2007,19,50,2,6,2008,9/19/07
429,22,34,3,8,2007,22,46,2,5,2008,8/22/07
430,24,5,1,1,2005,24,45,4,10,2005,1/24/05
431,20,4,1,1,2005,20,44,4,10,2005,1/20/05
432,16,4,1,1,2005,16,44,4,10,2005,1/16/05
433,13,8,1,2,2005,13,48,4,11,2005,2/13/05
434,11,24,2,6,2005,11,36,1,3,2006,6/11/05
435,10,24,2,6,2005,10,36,1,3,2006,6/10/05
436,17,51,4,12,2009,17,63,3,9,2010,12/17/09
437,3,40,4,10,2008,3,52,3,7,2009,10/3/08
438,17,25,2,6,2005,17,37,1,3,2006,6/17/05
439,4,23,2,6,2005,4,35,1,3,2006,6/4/05
440,25,52,4,12,2009,25,64,3,9,2010,12/25/09
441,18,25,2,6,2005,18,37,1,3,2006,6/18/05
442,20,52,4,12,2009,20,64,3,9,2010,12/20/09
443,9,50,4,12,2009,9,62,3,9,2010,12/9/09
444,26,48,4,11,2009,26,60,3,8,2010,11/26/09
445,29,40,3,9,2005,29,52,2,6,2006,9/29/05
446,4,9,1,3,2006,4,49,4,12,2006,3/4/06
447,30,49,4,11,2009,30,61,3,8,2010,11/30/09
448,19,47,4,11,2009,19,59,3,8,2010,11/19/09
449,17,11,1,3,2006,17,51,4,12,2006,3/17/06
450,24,48,4,11,2009,24,60,3,8,2010,11/24/09
451,22,26,2,6,2010,22,38,1,3,2011,6/22/10
452,10,24,2,6,2010,10,36,1,3,2011,6/10/10
453,3,49,4,12,2005,3,61,3,9,2006,12/3/05
454,4,6,1,2,2007,4,46,4,11,2007,2/4/07
455,21,9,1,2,2005,21,49,4,11,2005,2/21/05
456,22,4,1,1,2005,22,44,4,10,2005,1/22/05
457,22,8,1,2,2007,22,48,4,11,2007,2/22/07
458,28,5,1,1,2005,28,45,4,10,2005,1/28/05
459,10,6,1,2,2007,10,46,4,11,2007,2/10/07
460,17,4,1,1,2005,17,44,4,10,2005,1/17/05
461,28,40,3,9,2009,28,52,2,6,2010,9/28/09
462,18,20,2,5,2007,18,32,1,2,2008,5/18/07
463,9,19,2,5,2007,9,31,1,2,2008,5/9/07
464,7,19,2,5,2007,7,31,1,2,2008,5/7/07
465,24,21,2,5,2007,24,33,1,2,2008,5/24/07
466,8,24,2,6,2009,8,36,1,3,2010,6/8/09
467,8,37,3,9,2009,8,49,2,6,2010,9/8/09
468,6,37,3,9,2009,6,49,2,6,2010,9/6/09
469,7,37,3,9,2009,7,49,2,6,2010,9/7/09
470,31,23,2,5,2009,31,35,1,2,2010,5/31/09
471,24,13,1,3,2010,24,25,4,12,2010,3/24/10
472,16,37,3,9,2006,16,49,2,6,2007,9/16/06
473,9,24,2,6,2009,9,36,1,3,2010,6/9/09
474,13,42,4,10,2005,13,54,3,7,2006,10/13/05
475,9,42,4,10,2005,9,54,3,7,2006,10/9/05
476,30,52,4,12,2006,30,64,3,9,2007,12/30/06
477,8,2,1,1,2007,8,42,4,10,2007,1/8/07
478,3,1,1,1,2007,3,41,4,10,2007,1/3/07
479,26,52,4,12,2006,26,64,3,9,2007,12/26/06
480,12,2,1,1,2007,12,42,4,10,2007,1/12/07
481,10,16,2,4,2005,10,28,1,1,2006,4/10/05
482,11,50,4,12,2007,11,62,3,9,2008,12/11/07
483,5,45,4,11,2006,5,57,3,8,2007,11/5/06
484,11,16,2,4,2010,11,28,1,1,2011,4/11/10
485,16,46,4,11,2006,16,58,3,8,2007,11/16/06
486,19,39,3,9,2005,19,51,2,6,2006,9/19/05
487,15,42,4,10,2005,15,54,3,7,2006,10/15/05
488,18,12,1,3,2010,18,24,4,12,2010,3/18/10
489,30,26,2,6,2007,30,38,1,3,2008,6/30/07
490,29,14,1,3,2010,29,26,4,12,2010,3/29/10
491,11,38,3,9,2005,11,50,2,6,2006,9/11/05
492,14,33,3,8,2006,14,45,2,5,2007,8/14/06
493,27,35,3,8,2006,27,47,2,5,2007,8/27/06
494,26,34,3,8,2006,26,46,2,5,2007,8/26/06
495,23,39,3,9,2007,23,51,2,6,2008,9/23/07
496,20,38,3,9,2008,20,50,2,6,2009,9/20/08
497,26,13,1,3,2010,26,25,4,12,2010,3/26/10
498,12,37,3,9,2008,12,49,2,6,2009,9/12/08
499,4,40,4,10,2008,4,52,3,7,2009,10/4/08
500,6,36,3,9,2008,6,48,2,6,2009,9/6/08
501,8,36,3,9,2007,8,48,2,6,2008,9/8/07
502,29,40,3,9,2008,29,52,2,6,2009,9/29/08
503,1,1,1,1,2009,1,41,4,10,2009,1/1/09
504,11,15,2,4,2008,11,27,1,1,2009,4/11/08
505,27,18,2,4,2008,27,30,1,1,2009,4/27/08
506,7,15,2,4,2008,7,27,1,1,2009,4/7/08
507,13,16,2,4,2008,13,28,1,1,2009,4/13/08
508,29,18,2,4,2008,29,30,1,1,2009,4/29/08
509,13,41,4,10,2006,13,53,3,7,2007,10/13/06
510,29,49,4,11,2009,29,61,3,8,2010,11/29/09
511,7,45,4,11,2009,7,57,3,8,2010,11/7/09
512,7,41,4,10,2007,7,53,3,7,2008,10/7/07
513,16,42,4,10,2007,16,54,3,7,2008,10/16/07
514,12,41,4,10,2007,12,53,3,7,2008,10/12/07
515,5,40,4,10,2007,5,52,3,7,2008,10/5/07
516,27,48,4,11,2007,27,60,3,8,2008,11/27/07
517,22,47,4,11,2007,22,59,3,8,2008,11/22/07
518,10,45,4,11,2007,10,57,3,8,2008,11/10/07
519,5,50,4,12,2005,5,62,3,9,2006,12/5/05
520,25,48,4,11,2007,25,60,3,8,2008,11/25/07
521,18,47,4,11,2007,18,59,3,8,2008,11/18/07
522,12,50,4,12,2007,12,62,3,9,2008,12/12/07
523,8,49,4,12,2007,8,61,3,9,2008,12/8/07
524,21,34,3,8,2009,21,46,2,5,2010,8/21/09
525,19,34,3,8,2009,19,46,2,5,2010,8/19/09
526,20,34,3,8,2009,20,46,2,5,2010,8/20/09
527,17,30,3,7,2005,17,42,2,4,2006,7/17/05
528,30,31,3,7,2005,30,43,2,4,2006,7/30/05
529,14,47,4,11,2005,14,59,3,8,2006,11/14/05
530,16,12,1,3,2010,16,24,4,12,2010,3/16/10
531,11,29,3,7,2005,11,41,2,4,2006,7/11/05
532,29,26,2,6,2006,29,38,1,3,2007,6/29/06
533,6,23,2,6,2006,6,35,1,3,2007,6/6/06
534,23,25,2,6,2006,23,37,1,3,2007,6/23/06
535,21,25,2,6,2006,21,37,1,3,2007,6/21/06
536,5,23,2,6,2008,5,35,1,3,2009,6/5/08
537,25,21,2,5,2007,25,33,1,2,2008,5/25/07
538,6,19,2,5,2007,6,31,1,2,2008,5/6/07
539,27,22,2,5,2007,27,34,1,2,2008,5/27/07
540,7,23,2,6,2008,7,35,1,3,2009,6/7/08
541,8,24,2,6,2008,8,36,1,3,2009,6/8/08
542,6,23,2,6,2008,6,35,1,3,2009,6/6/08
543,30,5,1,1,2008,30,45,4,10,2008,1/30/08
544,17,42,4,10,2009,17,54,3,7,2010,10/17/09
545,12,11,1,3,2010,12,51,4,12,2010,3/12/10
546,1,40,4,10,2007,1,52,3,7,2008,10/1/07
547,2,40,4,10,2007,2,52,3,7,2008,10/2/07
548,4,40,4,10,2007,4,52,3,7,2008,10/4/07
549,25,13,1,3,2008,25,25,4,12,2008,3/25/08
550,13,41,4,10,2007,13,53,3,7,2008,10/13/07
551,6,15,2,4,2008,6,27,1,1,2009,4/6/08
552,17,21,2,5,2005,17,33,1,2,2006,5/17/05
553,4,19,2,5,2005,4,31,1,2,2006,5/4/05
554,31,5,1,1,2006,31,45,4,10,2006,1/31/06
555,14,16,2,4,2010,14,28,1,1,2011,4/14/10
556,3,19,2,5,2005,3,31,1,2,2006,5/3/05
557,10,20,2,5,2005,10,32,1,2,2006,5/10/05
558,6,19,2,5,2005,6,31,1,2,2006,5/6/05
559,24,22,2,5,2005,24,34,1,2,2006,5/24/05
560,26,13,1,3,2005,26,25,4,12,2005,3/26/05
561,9,36,3,9,2006,9,48,2,6,2007,9/9/06
562,18,38,3,9,2006,18,50,2,6,2007,9/18/06
563,24,39,3,9,2006,24,51,2,6,2007,9/24/06
564,30,39,3,9,2006,30,51,2,6,2007,9/30/06
565,14,7,1,2,2006,14,47,4,11,2006,2/14/06
566,3,14,2,4,2006,3,26,1,1,2007,4/3/06
567,26,17,2,4,2006,26,29,1,1,2007,4/26/06
568,19,16,2,4,2006,19,28,1,1,2007,4/19/06
569,13,15,2,4,2006,13,27,1,1,2007,4/13/06
570,1,18,2,5,2006,1,30,1,2,2007,5/1/06
571,9,23,2,6,2006,9,35,1,3,2007,6/9/06
572,27,21,2,5,2006,27,33,1,2,2007,5/27/06
573,13,51,4,12,2009,13,63,3,9,2010,12/13/09
574,4,49,4,12,2009,4,61,3,9,2010,12/4/09
575,25,48,4,11,2009,25,60,3,8,2010,11/25/09
576,15,47,4,11,2009,15,59,3,8,2010,11/15/09
577,31,22,2,5,2006,31,34,1,2,2007,5/31/06
578,22,16,2,4,2006,22,28,1,1,2007,4/22/06
579,9,6,1,2,2006,9,46,4,11,2006,2/9/06
580,10,6,1,2,2006,10,46,4,11,2006,2/10/06
581,30,5,1,1,2006,30,45,4,10,2006,1/30/06
582,12,7,1,2,2006,12,47,4,11,2006,2/12/06
583,10,24,2,6,2008,10,36,1,3,2009,6/10/08
584,9,24,2,6,2008,9,36,1,3,2009,6/9/08
585,7,6,1,2,2008,7,46,4,11,2008,2/7/08
586,23,39,3,9,2008,23,51,2,6,2009,9/23/08
587,18,3,1,1,2008,18,43,4,10,2008,1/18/08
588,25,4,1,1,2008,25,44,4,10,2008,1/25/08
589,16,3,1,1,2008,16,43,4,10,2008,1/16/08
590,14,3,1,1,2008,14,43,4,10,2008,1/14/08
591,18,4,1,1,2010,18,44,4,10,2010,1/18/10
592,22,43,4,10,2008,22,55,3,7,2009,10/22/08
593,26,39,3,9,2008,26,51,2,6,2009,9/26/08
594,2,32,3,8,2010,2,44,2,5,2011,8/2/10
595,21,26,2,6,2010,21,38,1,3,2011,6/21/10
596,11,37,3,9,2010,11,49,2,6,2011,9/11/10
597,20,8,1,2,2010,20,48,4,11,2010,2/20/10
598,2,1,1,1,2010,2,41,4,10,2010,1/2/10
599,7,36,3,9,2007,7,48,2,6,2008,9/7/07
600,19,29,3,7,2006,19,41,2,4,2007,7/19/06
601,21,29,3,7,2006,21,41,2,4,2007,7/21/06
602,1,49,4,12,2005,1,61,3,9,2006,12/1/05
603,22,48,4,11,2005,22,60,3,8,2006,11/22/05
604,4,14,2,4,2006,4,26,1,1,2007,4/4/06
605,8,14,2,4,2006,8,26,1,1,2007,4/8/06
606,23,17,2,4,2006,23,29,1,1,2007,4/23/06
607,10,15,2,4,2006,10,27,1,1,2007,4/10/06
608,14,15,2,4,2006,14,27,1,1,2007,4/14/06
609,11,15,2,4,2006,11,27,1,1,2007,4/11/06
610,6,32,3,8,2010,6,44,2,5,2011,8/6/10
611,17,29,3,7,2010,17,41,2,4,2011,7/17/10
612,16,29,3,7,2010,16,41,2,4,2011,7/16/10
613,27,31,3,7,2010,27,43,2,4,2011,7/27/10
614,7,19,2,5,2008,7,31,1,2,2009,5/7/08
615,13,33,3,8,2010,13,45,2,5,2011,8/13/10
616,26,13,1,3,2007,26,25,4,12,2007,3/26/07
617,27,13,1,3,2007,27,25,4,12,2007,3/27/07
618,8,15,2,4,2007,8,27,1,1,2008,4/8/07
619,17,11,1,3,2007,17,51,4,12,2007,3/17/07
620,21,12,1,3,2007,21,24,4,12,2007,3/21/07
621,6,14,2,4,2007,6,26,1,1,2008,4/6/07
622,28,14,1,3,2010,28,26,4,12,2010,3/28/10
623,2,10,1,3,2010,2,50,4,12,2010,3/2/10
624,28,13,1,3,2007,28,25,4,12,2007,3/28/07
625,14,15,2,4,2007,14,27,1,1,2008,4/14/07
626,27,39,3,9,2008,27,51,2,6,2009,9/27/08
627,6,6,1,2,2009,6,46,4,11,2009,2/6/09
628,10,37,3,9,2005,10,49,2,6,2006,9/10/05
629,27,5,1,1,2009,27,45,4,10,2009,1/27/09
630,17,43,4,10,2005,17,55,3,7,2006,10/17/05
631,30,40,3,9,2010,30,52,2,6,2011,9/30/10
632,24,44,4,10,2005,24,56,3,7,2006,10/24/05
633,3,10,1,3,2008,3,50,4,12,2008,3/3/08
634,18,4,1,1,2009,18,44,4,10,2009,1/18/09
635,20,43,4,10,2005,20,55,3,7,2006,10/20/05
636,7,46,4,11,2005,7,58,3,8,2006,11/7/05
637,8,37,3,9,2005,8,49,2,6,2006,9/8/05
638,30,40,3,9,2005,30,52,2,6,2006,9/30/05
639,27,44,4,10,2005,27,56,3,7,2006,10/27/05
640,25,44,4,10,2005,25,56,3,7,2006,10/25/05
641,3,5,1,2,2006,3,45,4,11,2006,2/3/06
642,19,8,1,2,2006,19,48,4,11,2006,2/19/06
643,27,4,1,1,2006,27,44,4,10,2006,1/27/06
644,9,6,1,2,2008,9,46,4,11,2008,2/9/08
645,13,16,2,4,2010,13,28,1,1,2011,4/13/10
646,19,20,2,5,2007,19,32,1,2,2008,5/19/07
647,9,15,2,4,2010,9,27,1,1,2011,4/9/10
648,7,14,2,4,2007,7,26,1,1,2008,4/7/07
649,22,17,2,4,2007,22,29,1,1,2008,4/22/07
650,30,18,2,4,2007,30,30,1,1,2008,4/30/07
651,15,16,2,4,2007,15,28,1,1,2008,4/15/07
652,17,8,1,2,2008,17,48,4,11,2008,2/17/08
653,31,14,1,3,2010,31,26,4,12,2010,3/31/10
654,24,12,1,3,2007,24,24,4,12,2007,3/24/07
655,18,8,1,2,2008,18,48,4,11,2008,2/18/08
656,10,28,3,7,2007,10,40,2,4,2008,7/10/07
657,8,28,3,7,2007,8,40,2,4,2008,7/8/07
658,14,28,3,7,2007,14,40,2,4,2008,7/14/07
659,4,27,3,7,2007,4,39,2,4,2008,7/4/07
660,29,26,2,6,2007,29,38,1,3,2008,6/29/07
661,3,27,3,7,2007,3,39,2,4,2008,7/3/07
662,14,7,1,2,2008,14,47,4,11,2008,2/14/08
663,5,40,4,10,2006,5,52,3,7,2007,10/5/06
664,23,9,1,2,2009,23,49,4,11,2009,2/23/09
665,2,40,4,10,2006,2,52,3,7,2007,10/2/06
666,2,23,2,6,2009,2,35,1,3,2010,6/2/09
667,14,25,2,6,2009,14,37,1,3,2010,6/14/09
668,2,45,4,11,2005,2,57,3,8,2006,11/2/05
669,22,21,2,5,2009,22,33,1,2,2010,5/22/09
670,30,22,2,5,2009,30,34,1,2,2010,5/30/09
671,6,32,3,8,2009,6,44,2,5,2010,8/6/09
672,18,39,3,9,2005,18,51,2,6,2006,9/18/05
673,31,14,1,3,2009,31,26,4,12,2009,3/31/09
674,11,11,1,3,2009,11,51,4,12,2009,3/11/09
675,24,13,1,3,2009,24,25,4,12,2009,3/24/09
676,2,31,3,8,2008,2,43,2,5,2009,8/2/08
677,28,27,2,6,2005,28,39,1,3,2006,6/28/05
678,3,32,3,8,2008,3,44,2,5,2009,8/3/08
679,7,10,1,3,2007,7,50,4,12,2007,3/7/07
680,8,33,3,8,2010,8,45,2,5,2011,8/8/10
681,23,34,3,8,2008,23,46,2,5,2009,8/23/08
682,3,2,1,1,2005,3,42,4,10,2005,1/3/05
683,18,42,4,10,2008,18,54,3,7,2009,10/18/08
684,28,44,4,10,2008,28,56,3,7,2009,10/28/08
685,29,44,4,10,2008,29,56,3,7,2009,10/29/08
686,1,44,4,11,2008,1,56,3,8,2009,11/1/08
687,10,29,3,7,2005,10,41,2,4,2006,7/10/05
688,31,1,4,12,2006,31,41,3,9,2007,12/31/06
689,6,45,4,11,2008,6,57,3,8,2009,11/6/08
690,16,42,4,10,2008,16,54,3,7,2009,10/16/08
691,17,3,1,1,2007,17,43,4,10,2007,1/17/07
692,1,1,1,1,2005,1,41,4,10,2005,1/1/05
693,19,34,3,8,2005,19,46,2,5,2006,8/19/05
694,21,35,3,8,2005,21,47,2,5,2006,8/21/05
695,16,51,4,12,2004,16,63,3,9,2005,12/16/04
696,22,35,3,8,2005,22,47,2,5,2006,8/22/05
697,18,34,3,8,2005,18,46,2,5,2006,8/18/05
698,15,3,1,1,2005,15,43,4,10,2005,1/15/05
699,6,2,1,1,2005,6,42,4,10,2005,1/6/05
700,4,49,4,12,2008,4,61,3,9,2009,12/4/08
701,9,41,4,10,2009,9,53,3,7,2010,10/9/09
702,14,51,4,12,2008,14,63,3,9,2009,12/14/08
703,12,50,4,12,2008,12,62,3,9,2009,12/12/08
704,28,48,4,11,2008,28,60,3,8,2009,11/28/08
705,12,50,4,12,2006,12,62,3,9,2007,12/12/06
706,8,49,4,12,2006,8,61,3,9,2007,12/8/06
707,27,48,4,11,2006,27,60,3,8,2007,11/27/06
708,9,49,4,12,2006,9,61,3,9,2007,12/9/06
709,21,30,3,7,2010,21,42,2,4,2011,7/21/10
710,22,43,4,10,2009,22,55,3,7,2010,10/22/09
711,13,50,4,12,2006,13,62,3,9,2007,12/13/06
712,5,36,3,9,2009,5,48,2,6,2010,9/5/09
713,25,35,3,8,2010,25,47,2,5,2011,8/25/10
714,29,22,2,5,2008,29,34,1,2,2009,5/29/08
715,18,42,4,10,2006,18,54,3,7,2007,10/18/06
716,1,44,4,11,2006,1,56,3,8,2007,11/1/06
717,28,43,4,10,2006,28,55,3,7,2007,10/28/06
718,25,31,3,7,2010,25,43,2,4,2011,7/25/10
719,20,42,4,10,2006,20,54,3,7,2007,10/20/06
720,17,42,4,10,2006,17,54,3,7,2007,10/17/06
721,18,8,1,2,2010,18,48,4,11,2010,2/18/10
722,26,9,1,2,2010,26,49,4,11,2010,2/26/10
723,16,34,3,8,2010,16,46,2,5,2011,8/16/10
724,18,34,3,8,2010,18,46,2,5,2011,8/18/10
725,25,9,1,2,2010,25,49,4,11,2010,2/25/10
726,10,33,3,8,2010,10,45,2,5,2011,8/10/10
727,19,34,3,8,2010,19,46,2,5,2011,8/19/10
728,5,32,3,8,2010,5,44,2,5,2011,8/5/10
729,30,31,3,7,2010,30,43,2,4,2011,7/30/10
730,4,41,4,10,2010,4,53,3,7,2011,10/4/10
731,10,46,4,11,2009,10,58,3,8,2010,11/10/09
732,19,17,2,4,2009,19,29,1,1,2010,4/19/09
733,13,16,2,4,2009,13,28,1,1,2010,4/13/09
734,29,14,1,3,2009,29,26,4,12,2009,3/29/09
735,27,13,1,3,2008,27,25,4,12,2008,3/27/08
736,18,12,1,3,2008,18,24,4,12,2008,3/18/08
737,28,13,1,3,2008,28,25,4,12,2008,3/28/08
738,20,12,1,3,2008,20,24,4,12,2008,3/20/08
739,23,13,1,3,2008,23,25,4,12,2008,3/23/08
740,15,51,4,12,2005,15,63,3,9,2006,12/15/05
741,29,53,4,12,2005,29,65,3,9,2006,12/29/05
742,26,53,4,12,2005,26,65,3,9,2006,12/26/05
743,30,44,4,10,2007,30,56,3,7,2008,10/30/07
744,29,13,1,3,2008,29,25,4,12,2008,3/29/08
745,29,9,1,2,2008,29,49,4,11,2008,2/29/08
746,6,10,1,3,2008,6,50,4,12,2008,3/6/08
747,21,8,1,2,2008,21,48,4,11,2008,2/21/08
748,17,46,4,11,2007,17,58,3,8,2008,11/17/07
749,22,39,3,9,2010,22,51,2,6,2011,9/22/10
750,3,44,4,11,2007,3,56,3,8,2008,11/3/07
751,23,47,4,11,2007,23,59,3,8,2008,11/23/07
752,27,35,3,8,2005,27,47,2,5,2006,8/27/05
753,13,15,2,4,2007,13,27,1,1,2008,4/13/07
754,28,35,3,8,2006,28,47,2,5,2007,8/28/06
755,18,33,3,8,2006,18,45,2,5,2007,8/18/06
756,6,36,3,9,2006,6,48,2,6,2007,9/6/06
757,9,45,4,11,2007,9,57,3,8,2008,11/9/07
758,7,45,4,11,2007,7,57,3,8,2008,11/7/07
759,2,44,4,11,2007,2,56,3,8,2008,11/2/07
760,12,46,4,11,2007,12,58,3,8,2008,11/12/07
761,6,45,4,11,2007,6,57,3,8,2008,11/6/07
762,29,18,2,4,2007,29,30,1,1,2008,4/29/07
763,25,22,2,5,2008,25,34,1,2,2009,5/25/08
764,10,37,3,9,2007,10,49,2,6,2008,9/10/07
765,1,35,3,9,2007,1,47,2,6,2008,9/1/07
766,27,26,2,6,2007,27,38,1,3,2008,6/27/07
767,27,30,3,7,2007,27,42,2,4,2008,7/27/07
768,24,35,3,8,2009,24,47,2,5,2010,8/24/09
769,4,2,1,1,2005,4,42,4,10,2005,1/4/05
770,4,6,1,2,2010,4,46,4,11,2010,2/4/10
771,15,8,1,2,2010,15,48,4,11,2010,2/15/10
772,15,29,3,7,2007,15,41,2,4,2008,7/15/07
773,23,30,3,7,2007,23,42,2,4,2008,7/23/07
774,8,41,4,10,2007,8,53,3,7,2008,10/8/07
775,22,38,3,9,2007,22,50,2,6,2008,9/22/07
776,27,39,3,9,2007,27,51,2,6,2008,9/27/07
777,5,23,2,6,2009,5,35,1,3,2010,6/5/09
778,22,26,2,6,2009,22,38,1,3,2010,6/22/09
779,4,41,4,10,2009,4,53,3,7,2010,10/4/09
780,26,44,4,10,2009,26,56,3,7,2010,10/26/09
781,2,10,1,3,2005,2,50,4,12,2005,3/2/05
782,11,19,2,5,2006,11,31,1,2,2007,5/11/06
783,9,37,3,9,2005,9,49,2,6,2006,9/9/05
784,15,15,2,4,2006,15,27,1,1,2007,4/15/06
785,16,16,2,4,2006,16,28,1,1,2007,4/16/06
786,2,40,4,10,2010,2,52,3,7,2011,10/2/10
787,9,23,2,6,2007,9,35,1,3,2008,6/9/07
788,21,4,1,1,2005,21,44,4,10,2005,1/21/05
789,13,3,1,1,2005,13,43,4,10,2005,1/13/05
790,27,5,1,1,2005,27,45,4,10,2005,1/27/05
791,4,6,1,2,2005,4,46,4,11,2005,2/4/05
792,31,44,4,10,2008,31,56,3,7,2009,10/31/08
793,18,47,4,11,2008,18,59,3,8,2009,11/18/08
794,30,44,4,10,2008,30,56,3,7,2009,10/30/08
795,8,45,4,11,2008,8,57,3,8,2009,11/8/08
796,14,46,4,11,2008,14,58,3,8,2009,11/14/08
797,5,19,2,5,2008,5,31,1,2,2009,5/5/08
798,18,17,2,4,2005,18,29,1,1,2006,4/18/05
799,30,48,4,11,2007,30,60,3,8,2008,11/30/07
800,1,44,4,11,2007,1,56,3,8,2008,11/1/07
801,15,46,4,11,2007,15,58,3,8,2008,11/15/07
802,18,42,4,10,2007,18,54,3,7,2008,10/18/07
803,4,27,3,7,2006,4,39,2,4,2007,7/4/06
804,28,52,4,12,2007,28,64,3,9,2008,12/28/07
805,18,12,1,3,2007,18,24,4,12,2007,3/18/07
806,30,1,4,12,2004,30,41,3,9,2005,12/30/04
807,26,1,4,12,2004,26,41,3,9,2005,12/26/04
808,8,2,1,1,2005,8,42,4,10,2005,1/8/05
809,7,2,1,1,2005,7,42,4,10,2005,1/7/05
810,3,36,3,9,2009,3,48,2,6,2010,9/3/09
811,12,37,3,9,2009,12,49,2,6,2010,9/12/09
812,11,37,3,9,2009,11,49,2,6,2010,9/11/09
813,12,11,1,3,2007,12,51,4,12,2007,3/12/07
814,10,7,1,2,2009,10,47,4,11,2009,2/10/09
815,20,47,4,11,2006,20,59,3,8,2007,11/20/06
816,26,5,1,1,2009,26,45,4,10,2009,1/26/09
817,15,38,3,9,2009,15,50,2,6,2010,9/15/09
818,5,41,4,10,2005,5,53,3,7,2006,10/5/05
819,12,42,4,10,2005,12,54,3,7,2006,10/12/05
820,3,41,4,10,2005,3,53,3,7,2006,10/3/05
821,29,49,4,11,2005,29,61,3,8,2006,11/29/05
822,16,47,4,11,2005,16,59,3,8,2006,11/16/05
823,8,46,4,11,2005,8,58,3,8,2006,11/8/05
824,29,31,3,7,2009,29,43,2,4,2010,7/29/09
825,24,34,3,8,2007,24,46,2,5,2008,8/24/07
826,4,41,4,10,2005,4,53,3,7,2006,10/4/05
827,26,40,3,9,2005,26,52,2,6,2006,9/26/05
828,22,30,3,7,2009,22,42,2,4,2010,7/22/09
829,25,30,3,7,2009,25,42,2,4,2010,7/25/09
830,19,33,3,8,2006,19,45,2,5,2007,8/19/06
831,7,37,3,9,2008,7,49,2,6,2009,9/7/08
832,18,25,2,6,2009,18,37,1,3,2010,6/18/09
833,7,49,4,12,2006,7,61,3,9,2007,12/7/06
834,16,38,3,9,2010,16,50,2,6,2011,9/16/10
835,20,17,2,4,2008,20,29,1,1,2009,4/20/08
836,15,16,2,4,2008,15,28,1,1,2009,4/15/08
837,10,15,2,4,2008,10,27,1,1,2009,4/10/08
838,2,44,4,11,2006,2,56,3,8,2007,11/2/06
839,27,13,1,3,2010,27,25,4,12,2010,3/27/10
840,27,43,4,10,2006,27,55,3,7,2007,10/27/06
841,27,1,4,12,2009,27,41,3,9,2010,12/27/09
842,11,3,1,1,2010,11,43,4,10,2010,1/11/10
843,30,1,4,12,2009,30,41,3,9,2010,12/30/09
844,31,31,3,7,2006,31,43,2,4,2007,7/31/06
845,26,48,4,11,2008,26,60,3,8,2009,11/26/08
846,1,23,2,6,2008,1,35,1,3,2009,6/1/08
847,23,34,3,8,2007,23,46,2,5,2008,8/23/07
848,17,33,3,8,2007,17,45,2,5,2008,8/17/07
849,7,32,3,8,2007,7,44,2,5,2008,8/7/07
850,11,20,2,5,2005,11,32,1,2,2006,5/11/05
851,12,20,2,5,2005,12,32,1,2,2006,5/12/05
852,22,22,2,5,2005,22,34,1,2,2006,5/22/05
853,19,16,2,4,2007,19,28,1,1,2008,4/19/07
854,12,20,2,5,2010,12,32,1,2,2011,5/12/10
855,21,17,2,4,2010,21,29,1,1,2011,4/21/10
856,24,17,2,4,2010,24,29,1,1,2011,4/24/10
857,7,19,2,5,2010,7,31,1,2,2011,5/7/10
858,31,13,1,3,2007,31,25,4,12,2007,3/31/07
859,22,4,1,1,2008,22,44,4,10,2008,1/22/08
860,3,6,1,2,2008,3,46,4,11,2008,2/3/08
861,27,5,1,1,2008,27,45,4,10,2008,1/27/08
862,7,2,1,1,2008,7,42,4,10,2008,1/7/08
863,15,3,1,1,2008,15,43,4,10,2008,1/15/08
864,19,42,4,10,2007,19,54,3,7,2008,10/19/07
865,6,27,3,7,2007,6,39,2,4,2008,7/6/07
866,26,48,4,11,2006,26,60,3,8,2007,11/26/06
867,25,26,2,6,2007,25,38,1,3,2008,6/25/07
868,7,27,3,7,2007,7,39,2,4,2008,7/7/07
869,8,37,3,9,2010,8,49,2,6,2011,9/8/10
870,15,47,4,11,2005,15,59,3,8,2006,11/15/05
871,3,32,3,8,2005,3,44,2,5,2006,8/3/05
872,1,32,3,8,2005,1,44,2,5,2006,8/1/05
873,20,34,3,8,2005,20,46,2,5,2006,8/20/05
874,25,35,3,8,2005,25,47,2,5,2006,8/25/05
875,17,34,3,8,2008,17,46,2,5,2009,8/17/08
876,16,34,3,8,2005,16,46,2,5,2006,8/16/05
877,10,33,3,8,2005,10,45,2,5,2006,8/10/05
878,8,32,3,8,2008,8,44,2,5,2009,8/8/08
879,10,28,3,7,2009,10,40,2,4,2010,7/10/09
880,22,12,1,3,2007,22,24,4,12,2007,3/22/07
881,24,43,4,10,2006,24,55,3,7,2007,10/24/06
882,8,27,3,7,2006,8,39,2,4,2007,7/8/06
883,11,41,4,10,2006,11,53,3,7,2007,10/11/06
884,26,13,1,3,2009,26,25,4,12,2009,3/26/09
885,5,45,4,11,2009,5,57,3,8,2010,11/5/09
886,12,11,1,3,2008,12,51,4,12,2008,3/12/08
887,19,12,1,3,2008,19,24,4,12,2008,3/19/08
888,27,9,1,2,2008,27,49,4,11,2008,2/27/08
889,10,11,1,3,2008,10,51,4,12,2008,3/10/08
890,4,10,1,3,2008,4,50,4,12,2008,3/4/08
891,1,9,1,3,2008,1,49,4,12,2008,3/1/08
892,28,17,2,4,2006,28,29,1,1,2007,4/28/06
893,5,18,2,5,2007,5,30,1,2,2008,5/5/07
894,16,20,2,5,2007,16,32,1,2,2008,5/16/07
895,14,20,2,5,2007,14,32,1,2,2008,5/14/07
896,22,21,2,5,2007,22,33,1,2,2008,5/22/07
897,8,19,2,5,2007,8,31,1,2,2008,5/8/07
898,2,18,2,5,2007,2,30,1,2,2008,5/2/07
899,30,13,1,3,2006,30,25,4,12,2006,3/30/06
900,31,1,4,12,2007,31,41,3,9,2008,12/31/07
901,30,1,4,12,2007,30,41,3,9,2008,12/30/07
902,22,34,3,8,2008,22,46,2,5,2009,8/22/08
903,5,27,3,7,2007,5,39,2,4,2008,7/5/07
904,4,18,2,5,2006,4,30,1,2,2007,5/4/06
905,4,36,3,9,2008,4,48,2,6,2009,9/4/08
906,24,26,2,6,2007,24,38,1,3,2008,6/24/07
907,23,25,2,6,2007,23,37,1,3,2008,6/23/07
908,26,26,2,6,2007,26,38,1,3,2008,6/26/07
909,25,35,3,8,2008,25,47,2,5,2009,8/25/08
910,18,30,3,7,2005,18,42,2,4,2006,7/18/05
911,13,28,3,7,2007,13,40,2,4,2008,7/13/07
912,28,4,1,1,2006,28,44,4,10,2006,1/28/06
913,8,6,1,2,2006,8,46,4,11,2006,2/8/06
914,26,4,1,1,2006,26,44,4,10,2006,1/26/06
915,11,50,4,12,2009,11,62,3,9,2010,12/11/09
916,30,27,2,6,2010,30,39,1,3,2011,6/30/10
917,1,35,3,9,2006,1,47,2,6,2007,9/1/06
918,15,12,1,3,2005,15,24,4,12,2005,3/15/05
919,13,20,2,5,2007,13,32,1,2,2008,5/13/07
920,20,30,3,7,2005,20,42,2,4,2006,7/20/05
921,29,22,2,5,2010,29,34,1,2,2011,5/29/10
922,30,18,2,4,2010,30,30,1,1,2011,4/30/10
923,5,19,2,5,2010,5,31,1,2,2011,5/5/10
924,11,33,3,8,2005,11,45,2,5,2006,8/11/05
925,25,18,2,4,2010,25,30,1,1,2011,4/25/10
926,16,21,2,5,2010,16,33,1,2,2011,5/16/10
927,3,40,4,10,2007,3,52,3,7,2008,10/3/07
928,29,18,2,4,2010,29,30,1,1,2011,4/29/10
929,27,22,2,5,2010,27,34,1,2,2011,5/27/10
930,2,23,2,6,2005,2,35,1,3,2006,6/2/05
931,15,38,3,9,2010,15,50,2,6,2011,9/15/10
932,25,4,1,1,2006,25,44,4,10,2006,1/25/06
933,19,39,3,9,2010,19,51,2,6,2011,9/19/10
934,8,24,2,6,2005,8,36,1,3,2006,6/8/05
935,23,22,2,5,2005,23,34,1,2,2006,5/23/05
936,13,20,2,5,2010,13,32,1,2,2011,5/13/10
937,16,25,2,6,2005,16,37,1,3,2006,6/16/05
938,14,25,2,6,2005,14,37,1,3,2006,6/14/05
939,20,34,3,8,2008,20,46,2,5,2009,8/20/08
940,9,41,4,10,2010,9,53,3,7,2011,10/9/10
941,6,41,4,10,2010,6,53,3,7,2011,10/6/10
942,1,22,2,6,2006,1,34,1,3,2007,6/1/06
943,6,10,1,3,2009,6,50,4,12,2009,3/6/09
944,19,12,1,3,2005,19,24,4,12,2005,3/19/05
945,8,7,1,2,2009,8,47,4,11,2009,2/8/09
946,29,14,1,3,2005,29,26,4,12,2005,3/29/05
947,11,24,2,6,2006,11,36,1,3,2007,6/11/06
948,23,35,3,8,2010,23,47,2,5,2011,8/23/10
949,28,22,2,5,2009,28,34,1,2,2010,5/28/09
950,9,33,3,8,2010,9,45,2,5,2011,8/9/10
951,28,31,3,7,2010,28,43,2,4,2011,7/28/10
952,17,34,3,8,2010,17,46,2,5,2011,8/17/10
953,4,32,3,8,2010,4,44,2,5,2011,8/4/10
954,23,51,4,12,2006,23,63,3,9,2007,12/23/06
955,10,37,3,9,2008,10,49,2,6,2009,9/10/08
956,22,39,3,9,2008,22,51,2,6,2009,9/22/08
957,12,42,4,10,2008,12,54,3,7,2009,10/12/08
958,16,33,3,8,2007,16,45,2,5,2008,8/16/07
959,19,38,3,9,2008,19,50,2,6,2009,9/19/08
960,5,41,4,10,2008,5,53,3,7,2009,10/5/08
961,13,46,4,11,2008,13,58,3,8,2009,11/13/08
962,28,48,4,11,2006,28,60,3,8,2007,11/28/06
963,15,12,1,3,2010,15,24,4,12,2010,3/15/10
964,26,9,1,2,2007,26,49,4,11,2007,2/26/07
965,9,10,1,3,2007,9,50,4,12,2007,3/9/07
966,13,11,1,3,2007,13,51,4,12,2007,3/13/07
967,23,8,1,2,2007,23,48,4,11,2007,2/23/07
968,8,15,2,4,2010,8,27,1,1,2011,4/8/10
969,19,12,1,3,2010,19,24,4,12,2010,3/19/10
970,30,14,1,3,2010,30,26,4,12,2010,3/30/10
971,3,14,2,4,2010,3,26,1,1,2011,4/3/10
972,21,30,3,7,2009,21,42,2,4,2010,7/21/09
973,20,30,3,7,2009,20,42,2,4,2010,7/20/09
974,24,30,3,7,2009,24,42,2,4,2010,7/24/09
975,12,32,3,8,2006,12,44,2,5,2007,8/12/06
976,30,35,3,8,2006,30,47,2,5,2007,8/30/06
977,30,44,4,10,2009,30,56,3,7,2010,10/30/09
978,21,47,4,11,2009,21,59,3,8,2010,11/21/09
979,22,48,4,11,2009,22,60,3,8,2010,11/22/09
980,12,33,3,8,2009,12,45,2,5,2010,8/12/09
981,20,25,2,6,2007,20,37,1,3,2008,6/20/07
982,10,3,1,1,2010,10,43,4,10,2010,1/10/10
983,28,35,3,8,2008,28,47,2,5,2009,8/28/08
984,31,23,2,5,2010,31,35,1,2,2011,5/31/10
985,23,22,2,5,2010,23,34,1,2,2011,5/23/10
986,24,4,1,1,2008,24,44,4,10,2008,1/24/08
987,24,35,3,8,2008,24,47,2,5,2009,8/24/08
988,21,25,2,6,2008,21,37,1,3,2009,6/21/08
989,18,51,4,12,2007,18,63,3,9,2008,12/18/07
990,22,26,2,6,2008,22,38,1,3,2009,6/22/08
991,3,18,2,5,2006,3,30,1,2,2007,5/3/06
992,4,23,2,6,2008,4,35,1,3,2009,6/4/08
993,3,18,2,5,2008,3,30,1,2,2009,5/3/08
994,5,6,1,2,2006,5,46,4,11,2006,2/5/06
995,11,6,1,2,2006,11,46,4,11,2006,2/11/06
996,2,5,1,2,2006,2,45,4,11,2006,2/2/06
997,15,3,1,1,2006,15,43,4,10,2006,1/15/06
998,29,52,4,12,2007,29,64,3,9,2008,12/29/07
999,15,29,3,7,2005,15,41,2,4,2006,7/15/05
1000,21,26,2,6,2005,21,38,1,3,2006,6/21/05
1001,10,41,4,10,2007,10,53,3,7,2008,10/10/07
1002,25,39,3,9,2007,25,51,2,6,2008,9/25/07
1003,14,42,4,10,2007,14,54,3,7,2008,10/14/07
1004,17,38,3,9,2007,17,50,2,6,2008,9/17/07
1005,15,46,4,11,2008,15,58,3,8,2009,11/15/08
1006,21,43,4,10,2008,21,55,3,7,2009,10/21/08
1007,3,45,4,11,2008,3,57,3,8,2009,11/3/08
1008,10,46,4,11,2008,10,58,3,8,2009,11/10/08
1009,15,42,4,10,2008,15,54,3,7,2009,10/15/08
1010,9,50,4,12,2007,9,62,3,9,2008,12/9/07
1011,1,48,4,12,2007,1,60,3,9,2008,12/1/07
1012,16,46,4,11,2007,16,58,3,8,2008,11/16/07
1013,6,49,4,12,2007,6,61,3,9,2008,12/6/07
1014,7,24,2,6,2005,7,36,1,3,2006,6/7/05
1015,27,27,2,6,2005,27,39,1,3,2006,6/27/05
1016,9,28,3,7,2008,9,40,2,4,2009,7/9/08
1017,19,25,2,6,2008,19,37,1,3,2009,6/19/08
1018,1,5,1,2,2008,1,45,4,11,2008,2/1/08
1019,9,24,2,6,2005,9,36,1,3,2006,6/9/05
1020,18,4,1,1,2005,18,44,4,10,2005,1/18/05
1021,6,19,2,5,2010,6,31,1,2,2011,5/6/10
1022,16,16,2,4,2010,16,28,1,1,2011,4/16/10
1023,20,17,2,4,2005,20,29,1,1,2006,4/20/05
1024,21,17,2,4,2005,21,29,1,1,2006,4/21/05
1025,13,46,4,11,2009,13,58,3,8,2010,11/13/09
1026,25,18,2,4,2005,25,30,1,1,2006,4/25/05
1027,1,45,4,11,2009,1,57,3,8,2010,11/1/09
1028,6,10,1,3,2007,6,50,4,12,2007,3/6/07
1029,9,32,3,8,2008,9,44,2,5,2009,8/9/08
1030,8,50,4,12,2008,8,62,3,9,2009,12/8/08
1031,9,46,4,11,2008,9,58,3,8,2009,11/9/08
1032,11,46,4,11,2008,11,58,3,8,2009,11/11/08
1033,21,12,1,3,2009,21,24,4,12,2009,3/21/09
1034,13,7,1,2,2010,13,47,4,11,2010,2/13/10
1035,31,5,1,1,2007,31,45,4,10,2007,1/31/07
1036,23,4,1,1,2010,23,44,4,10,2010,1/23/10
1037,27,52,4,12,2007,27,64,3,9,2008,12/27/07
1038,7,7,1,2,2010,7,47,4,11,2010,2/7/10
1039,30,40,3,9,2007,30,52,2,6,2008,9/30/07
1040,16,38,3,9,2007,16,50,2,6,2008,9/16/07
1041,28,39,3,9,2007,28,51,2,6,2008,9/28/07
1042,20,38,3,9,2007,20,50,2,6,2008,9/20/07
1043,21,38,3,9,2007,21,50,2,6,2008,9/21/07
1044,8,19,2,5,2008,8,31,1,2,2009,5/8/08
1045,2,1,1,1,2008,2,41,4,10,2008,1/2/08
1046,6,40,4,10,2007,6,52,3,7,2008,10/6/07
1047,22,39,3,9,2009,22,51,2,6,2010,9/22/09
1048,2,27,3,7,2010,2,39,2,4,2011,7/2/10
1049,15,29,3,7,2010,15,41,2,4,2011,7/15/10
1050,11,29,3,7,2010,11,41,2,4,2011,7/11/10
1051,15,33,3,8,2009,15,45,2,5,2010,8/15/09
1052,26,26,2,6,2010,26,38,1,3,2011,6/26/10
1053,3,14,2,4,2007,3,26,1,1,2008,4/3/07
1054,19,12,1,3,2007,19,24,4,12,2007,3/19/07
1055,2,14,2,4,2007,2,26,1,1,2008,4/2/07
1056,31,45,4,10,2005,31,57,3,7,2006,10/31/05
1057,6,46,4,11,2005,6,58,3,8,2006,11/6/05
1058,26,44,4,10,2005,26,56,3,7,2006,10/26/05
1059,10,19,2,5,2007,10,31,1,2,2008,5/10/07
1060,18,16,2,4,2007,18,28,1,1,2008,4/18/07
1061,22,12,1,3,2006,22,24,4,12,2006,3/22/06
1062,14,37,3,9,2007,14,49,2,6,2008,9/14/07
1063,31,53,4,12,2005,31,65,3,9,2006,12/31/05
1064,25,8,1,2,2006,25,48,4,11,2006,2/25/06
1065,11,33,3,8,2008,11,45,2,5,2009,8/11/08
1066,26,35,3,8,2008,26,47,2,5,2009,8/26/08
1067,25,30,3,7,2008,25,42,2,4,2009,7/25/08
1068,18,34,3,8,2008,18,46,2,5,2009,8/18/08
1069,7,45,4,11,2006,7,57,3,8,2007,11/7/06
1070,23,30,3,7,2009,23,42,2,4,2010,7/23/09
1071,22,4,1,1,2009,22,44,4,10,2009,1/22/09
1072,11,3,1,1,2009,11,43,4,10,2009,1/11/09
1073,29,5,1,1,2010,29,45,4,10,2010,1/29/10
1074,26,5,1,1,2010,26,45,4,10,2010,1/26/10
1075,17,8,1,2,2010,17,48,4,11,2010,2/17/10
1076,12,7,1,2,2010,12,47,4,11,2010,2/12/10
1077,27,5,1,1,2010,27,45,4,10,2010,1/27/10
1078,14,8,1,2,2010,14,48,4,11,2010,2/14/10
1079,6,45,4,11,2006,6,57,3,8,2007,11/6/06
1080,25,13,1,3,2007,25,25,4,12,2007,3/25/07
1081,3,27,3,7,2008,3,39,2,4,2009,7/3/08
1082,11,20,2,5,2008,11,32,1,2,2009,5/11/08
1083,17,51,4,12,2007,17,63,3,9,2008,12/17/07
1084,5,49,4,12,2007,5,61,3,9,2008,12/5/07
1085,16,20,2,5,2008,16,32,1,2,2009,5/16/08
1086,30,27,2,6,2008,30,39,1,3,2009,6/30/08
1087,22,17,2,4,2008,22,29,1,1,2009,4/22/08
1088,10,19,2,5,2008,10,31,1,2,2009,5/10/08
1089,30,35,3,8,2008,30,47,2,5,2009,8/30/08
1090,4,37,3,9,2005,4,49,2,6,2006,9/4/05
1091,24,17,2,4,2006,24,29,1,1,2007,4/24/06
1092,13,29,3,7,2005,13,41,2,4,2006,7/13/05
1093,4,45,4,11,2005,4,57,3,8,2006,11/4/05
1094,21,30,3,7,2005,21,42,2,4,2006,7/21/05
1095,3,28,3,7,2005,3,40,2,4,2006,7/3/05
1096,12,41,4,10,2006,12,53,3,7,2007,10/12/06
1097,19,16,2,4,2008,19,28,1,1,2009,4/19/08
1098,8,15,2,4,2009,8,27,1,1,2010,4/8/09
1099,11,15,2,4,2009,11,27,1,1,2010,4/11/09
1100,16,12,1,3,2009,16,24,4,12,2009,3/16/09
1101,2,48,4,12,2006,2,60,3,9,2007,12/2/06
1102,12,46,4,11,2006,12,58,3,8,2007,11/12/06
1103,17,46,4,11,2006,17,58,3,8,2007,11/17/06
1104,15,46,4,11,2006,15,58,3,8,2007,11/15/06
1105,10,45,4,11,2006,10,57,3,8,2007,11/10/06
1106,19,30,3,7,2010,19,42,2,4,2011,7/19/10
1107,24,26,2,6,2010,24,38,1,3,2011,6/24/10
1108,30,13,1,3,2007,30,25,4,12,2007,3/30/07
1109,31,35,3,8,2006,31,47,2,5,2007,8/31/06
1110,13,33,3,8,2005,13,45,2,5,2006,8/13/05
1111,31,36,3,8,2005,31,48,2,5,2006,8/31/05
1112,12,33,3,8,2005,12,45,2,5,2006,8/12/05
1113,3,10,1,3,2010,3,50,4,12,2010,3/3/10
1114,17,12,1,3,2010,17,24,4,12,2010,3/17/10
1115,12,42,4,10,2009,12,54,3,7,2010,10/12/09
1116,28,26,2,6,2007,28,38,1,3,2008,6/28/07
1117,23,35,3,8,2009,23,47,2,5,2010,8/23/09
1118,13,24,2,6,2007,13,36,1,3,2008,6/13/07
1119,1,9,1,3,2007,1,49,4,12,2007,3/1/07
1120,22,4,1,1,2007,22,44,4,10,2007,1/22/07
1121,21,42,4,10,2006,21,54,3,7,2007,10/21/06
1122,2,2,1,1,2005,2,42,4,10,2005,1/2/05
1123,4,49,4,12,2004,4,61,3,9,2005,12/4/04
1124,23,47,4,11,2006,23,59,3,8,2007,11/23/06
1125,15,29,3,7,2009,15,41,2,4,2010,7/15/09
1126,19,30,3,7,2009,19,42,2,4,2010,7/19/09
1127,17,29,3,7,2009,17,41,2,4,2010,7/17/09
1128,2,32,3,8,2009,2,44,2,5,2010,8/2/09
1129,17,4,1,1,2010,17,44,4,10,2010,1/17/10
1130,24,39,3,9,2009,24,51,2,6,2010,9/24/09
1131,19,47,4,11,2007,19,59,3,8,2008,11/19/07
1132,21,16,2,4,2007,21,28,1,1,2008,4/21/07
1133,27,31,3,7,2009,27,43,2,4,2010,7/27/09
1134,20,12,1,3,2006,20,24,4,12,2006,3/20/06
1135,19,12,1,3,2006,19,24,4,12,2006,3/19/06
1136,13,29,3,7,2009,13,41,2,4,2010,7/13/09
1137,12,15,2,4,2007,12,27,1,1,2008,4/12/07
1138,28,13,1,3,2006,28,25,4,12,2006,3/28/06
1139,31,14,1,3,2008,31,26,4,12,2008,3/31/08
1140,24,39,3,9,2010,24,51,2,6,2011,9/24/10
1141,14,3,1,1,2010,14,43,4,10,2010,1/14/10
1142,21,4,1,1,2010,21,44,4,10,2010,1/21/10
1143,24,13,1,3,2008,24,25,4,12,2008,3/24/08
1144,21,21,2,5,2008,21,33,1,2,2009,5/21/08
1145,30,31,3,7,2007,30,43,2,4,2008,7/30/07
1146,17,20,2,5,2007,17,32,1,2,2008,5/17/07
1147,28,40,3,9,2010,28,52,2,6,2011,9/28/10
1148,10,50,4,12,2006,10,62,3,9,2007,12/10/06
1149,25,39,3,9,2010,25,51,2,6,2011,9/25/10
1150,3,23,2,6,2009,3,35,1,3,2010,6/3/09
1151,12,24,2,6,2010,12,36,1,3,2011,6/12/10
1152,12,7,1,2,2009,12,47,4,11,2009,2/12/09
1153,22,38,3,9,2006,22,50,2,6,2007,9/22/06
1154,15,8,1,2,2009,15,48,4,11,2009,2/15/09
1155,9,37,3,9,2010,9,49,2,6,2011,9/9/10
1156,20,8,1,2,2009,20,48,4,11,2009,2/20/09
1157,13,38,3,9,2010,13,50,2,6,2011,9/13/10
1158,4,36,3,9,2007,4,48,2,6,2008,9/4/07
1159,24,30,3,7,2010,24,42,2,4,2011,7/24/10
1160,18,21,2,5,2005,18,33,1,2,2006,5/18/05
1161,17,34,3,8,2009,17,46,2,5,2010,8/17/09
1162,10,24,2,6,2009,10,36,1,3,2010,6/10/09
1163,8,28,3,7,2009,8,40,2,4,2010,7/8/09
1164,21,52,4,12,2009,21,64,3,9,2010,12/21/09
1165,7,28,3,7,2009,7,40,2,4,2010,7/7/09
1166,27,26,2,6,2009,27,38,1,3,2010,6/27/09
1167,5,1,1,1,2006,5,41,4,10,2006,1/5/06
1168,17,51,4,12,2005,17,63,3,9,2006,12/17/05
1169,1,5,1,2,2007,1,45,4,11,2007,2/1/07
1170,9,7,1,2,2010,9,47,4,11,2010,2/9/10
1171,7,41,4,10,2005,7,53,3,7,2006,10/7/05
1172,18,43,4,10,2005,18,55,3,7,2006,10/18/05
1173,16,11,1,3,2006,16,51,4,12,2006,3/16/06
1174,13,19,2,5,2006,13,31,1,2,2007,5/13/06
1175,20,20,2,5,2006,20,32,1,2,2007,5/20/06
1176,8,6,1,2,2007,8,46,4,11,2007,2/8/07
1177,19,20,2,5,2006,19,32,1,2,2007,5/19/06
1178,11,10,1,3,2006,11,50,4,12,2006,3/11/06
1179,7,10,1,3,2006,7,50,4,12,2006,3/7/06
1180,6,15,2,4,2005,6,27,1,1,2006,4/6/05
1181,7,11,1,3,2005,7,51,4,12,2005,3/7/05
1182,14,12,1,3,2005,14,24,4,12,2005,3/14/05
1183,12,11,1,3,2006,12,51,4,12,2006,3/12/06
1184,22,13,1,3,2005,22,25,4,12,2005,3/22/05
1185,18,12,1,3,2005,18,24,4,12,2005,3/18/05
1186,26,9,1,2,2006,26,49,4,11,2006,2/26/06
1187,19,51,4,12,2009,19,63,3,9,2010,12/19/09
1188,26,52,4,12,2009,26,64,3,9,2010,12/26/09
1189,20,29,3,7,2006,20,41,2,4,2007,7/20/06
1190,27,9,1,2,2006,27,49,4,11,2006,2/27/06
1191,8,45,4,11,2006,8,57,3,8,2007,11/8/06
1192,15,51,4,12,2008,15,63,3,9,2009,12/15/08
1193,25,52,4,12,2008,25,64,3,9,2009,12/25/08
1194,11,45,4,11,2006,11,57,3,8,2007,11/11/06
1195,5,23,2,6,2006,5,35,1,3,2007,6/5/06
1196,24,25,2,6,2006,24,37,1,3,2007,6/24/06
1197,1,27,3,7,2005,1,39,2,4,2006,7/1/05
1198,10,23,2,6,2006,10,35,1,3,2007,6/10/06
1199,17,25,2,6,2007,17,37,1,3,2008,6/17/07
1200,11,50,4,12,2006,11,62,3,9,2007,12/11/06
1201,25,47,4,11,2006,25,59,3,8,2007,11/25/06
1202,29,36,3,8,2010,29,48,2,5,2011,8/29/10
1203,12,33,3,8,2008,12,45,2,5,2009,8/12/08
1204,11,42,4,10,2009,11,54,3,7,2010,10/11/09
1205,30,40,3,9,2009,30,52,2,6,2010,9/30/09
1206,2,40,4,10,2009,2,52,3,7,2010,10/2/09
1207,25,26,2,6,2006,25,38,1,3,2007,6/25/06
1208,2,22,2,6,2006,2,34,1,3,2007,6/2/06
1209,1,26,3,7,2006,1,38,2,4,2007,7/1/06
1210,20,12,1,3,2009,20,24,4,12,2009,3/20/09
1211,19,4,1,1,2010,19,44,4,10,2010,1/19/10
1212,14,20,2,5,2008,14,32,1,2,2009,5/14/08
1213,28,5,1,1,2009,28,45,4,10,2009,1/28/09
1214,17,3,1,1,2009,17,43,4,10,2009,1/17/09
1215,7,2,1,1,2009,7,42,4,10,2009,1/7/09
1216,25,5,1,1,2009,25,45,4,10,2009,1/25/09
1217,6,19,2,5,2008,6,31,1,2,2009,5/6/08
1218,19,8,1,2,2010,19,48,4,11,2010,2/19/10
1219,30,5,1,1,2010,30,45,4,10,2010,1/30/10
1220,29,31,3,7,2007,29,43,2,4,2008,7/29/07
1221,19,34,3,8,2007,19,46,2,5,2008,8/19/07
1222,2,31,3,8,2007,2,43,2,5,2008,8/2/07
1223,3,41,4,10,2010,3,53,3,7,2011,10/3/10
1224,23,39,3,9,2010,23,51,2,6,2011,9/23/10
1225,7,41,4,10,2010,7,53,3,7,2011,10/7/10
1226,5,41,4,10,2010,5,53,3,7,2011,10/5/10
1227,20,39,3,9,2010,20,51,2,6,2011,9/20/10
1228,20,8,1,2,2006,20,48,4,11,2006,2/20/06
1229,10,37,3,9,2010,10,49,2,6,2011,9/10/10
1230,14,38,3,9,2010,14,50,2,6,2011,9/14/10
1231,11,32,3,8,2007,11,44,2,5,2008,8/11/07
1232,6,2,1,1,2010,6,42,4,10,2010,1/6/10
1233,9,2,1,1,2008,9,42,4,10,2008,1/9/08
1234,12,20,2,5,2009,12,32,1,2,2010,5/12/09
1235,19,3,1,1,2008,19,43,4,10,2008,1/19/08
1236,4,28,3,7,2005,4,40,2,4,2006,7/4/05
1237,2,27,3,7,2005,2,39,2,4,2006,7/2/05
1238,17,38,3,9,2005,17,50,2,6,2006,9/17/05
1239,21,52,4,12,2005,21,64,3,9,2006,12/21/05
1240,29,27,2,6,2005,29,39,1,3,2006,6/29/05
1241,28,49,4,11,2005,28,61,3,8,2006,11/28/05
1242,6,37,3,9,2005,6,49,2,6,2006,9/6/05
1243,10,50,4,12,2005,10,62,3,9,2006,12/10/05
1244,25,48,4,11,2005,25,60,3,8,2006,11/25/05
1245,24,52,4,12,2007,24,64,3,9,2008,12/24/07
1246,31,5,1,1,2008,31,45,4,10,2008,1/31/08
1247,6,36,3,9,2007,6,48,2,6,2008,9/6/07
1248,22,17,2,4,2010,22,29,1,1,2011,4/22/10
1249,6,14,2,4,2006,6,26,1,1,2007,4/6/06
1250,26,13,1,3,2006,26,25,4,12,2006,3/26/06
1251,31,6,1,1,2010,31,46,4,10,2010,1/31/10
1252,3,23,2,6,2008,3,35,1,3,2009,6/3/08
1253,28,17,2,4,2007,28,29,1,1,2008,4/28/07
1254,19,3,1,1,2007,19,43,4,10,2007,1/19/07
1255,28,5,1,1,2007,28,45,4,10,2007,1/28/07
1256,15,3,1,1,2007,15,43,4,10,2007,1/15/07
1257,5,1,1,1,2007,5,41,4,10,2007,1/5/07
1258,2,1,1,1,2007,2,41,4,10,2007,1/2/07
1259,29,13,1,3,2007,29,25,4,12,2007,3/29/07
1260,17,21,2,5,2009,17,33,1,2,2010,5/17/09
1261,21,21,2,5,2009,21,33,1,2,2010,5/21/09
1262,6,23,2,6,2009,6,35,1,3,2010,6/6/09
1263,18,21,2,5,2008,18,33,1,2,2009,5/18/08
1264,30,18,2,4,2009,30,30,1,1,2010,4/30/09
1265,5,37,3,9,2010,5,49,2,6,2011,9/5/10
1266,20,51,4,12,2007,20,63,3,9,2008,12/20/07
1267,19,21,2,5,2009,19,33,1,2,2010,5/19/09
1268,18,29,3,7,2008,18,41,2,4,2009,7/18/08
1269,26,27,2,6,2005,26,39,1,3,2006,6/26/05
1270,2,6,1,2,2009,2,46,4,11,2009,2/2/09
1271,31,5,1,1,2009,31,45,4,10,2009,1/31/09
1272,4,6,1,2,2009,4,46,4,11,2009,2/4/09
1273,20,3,1,1,2006,20,43,4,10,2006,1/20/06
1274,13,2,1,1,2006,13,42,4,10,2006,1/13/06
1275,24,30,3,7,2007,24,42,2,4,2008,7/24/07
1276,31,31,3,7,2007,31,43,2,4,2008,7/31/07
1277,8,36,3,9,2006,8,48,2,6,2007,9/8/06
1278,4,36,3,9,2006,4,48,2,6,2007,9/4/06
1279,10,37,3,9,2006,10,49,2,6,2007,9/10/06
1280,26,9,1,2,2009,26,49,4,11,2009,2/26/09
1281,21,8,1,2,2009,21,48,4,11,2009,2/21/09
1282,13,11,1,3,2009,13,51,4,12,2009,3/13/09
1283,3,18,2,5,2007,3,30,1,2,2008,5/3/07
1284,2,22,2,6,2007,2,34,1,3,2008,6/2/07
1285,26,21,2,5,2007,26,33,1,2,2008,5/26/07
1286,26,9,1,2,2008,26,49,4,11,2008,2/26/08
1287,22,52,4,12,2005,22,64,3,9,2006,12/22/05
1288,24,30,3,7,2006,24,42,2,4,2007,7/24/06
1289,7,27,3,7,2006,7,39,2,4,2007,7/7/06
1290,30,5,1,1,2009,30,45,4,10,2009,1/30/09
1291,17,8,1,2,2009,17,48,4,11,2009,2/17/09
1292,6,28,3,7,2009,6,40,2,4,2010,7/6/09
1293,3,27,3,7,2009,3,39,2,4,2010,7/3/09
1294,20,34,3,8,2007,20,46,2,5,2008,8/20/07
1295,31,35,3,8,2007,31,47,2,5,2008,8/31/07
1296,12,37,3,9,2007,12,49,2,6,2008,9/12/07
1297,25,34,3,8,2007,25,46,2,5,2008,8/25/07
1298,13,37,3,9,2007,13,49,2,6,2008,9/13/07
1299,8,33,3,8,2005,8,45,2,5,2006,8/8/05
1300,22,47,4,11,2006,22,59,3,8,2007,11/22/06
1301,14,46,4,11,2006,14,58,3,8,2007,11/14/06
1302,25,17,2,4,2007,25,29,1,1,2008,4/25/07
1303,21,16,2,4,2006,21,28,1,1,2007,4/21/06
1304,10,42,4,10,2005,10,54,3,7,2006,10/10/05
1305,11,42,4,10,2005,11,54,3,7,2006,10/11/05
1306,31,13,1,3,2006,31,25,4,12,2006,3/31/06
1307,14,11,1,3,2006,14,51,4,12,2006,3/14/06
1308,25,12,1,3,2006,25,24,4,12,2006,3/25/06
1309,31,1,4,12,2009,31,41,3,9,2010,12/31/09
1310,4,49,4,12,2006,4,61,3,9,2007,12/4/06
1311,5,28,3,7,2005,5,40,2,4,2006,7/5/05
1312,27,40,3,9,2010,27,52,2,6,2011,9/27/10
1313,29,18,2,4,2009,29,30,1,1,2010,4/29/09
1314,1,48,4,12,2006,1,60,3,9,2007,12/1/06
1315,5,10,1,3,2006,5,50,4,12,2006,3/5/06
1316,20,4,1,1,2009,20,44,4,10,2009,1/20/09
1317,1,40,4,10,2010,1,52,3,7,2011,10/1/10
1318,27,26,2,6,2006,27,38,1,3,2007,6/27/06
1319,16,16,2,4,2008,16,28,1,1,2009,4/16/08
1320,11,50,4,12,2008,11,62,3,9,2009,12/11/08
1321,28,1,4,12,2008,28,41,3,9,2009,12/28/08
1322,10,33,3,8,2009,10,45,2,5,2010,8/10/09
1323,11,33,3,8,2009,11,45,2,5,2010,8/11/09
1324,3,2,1,1,2010,3,42,4,10,2010,1/3/10
1325,30,48,4,11,2006,30,60,3,8,2007,11/30/06
1326,10,2,1,1,2009,10,42,4,10,2009,1/10/09
1327,1,6,1,2,2009,1,46,4,11,2009,2/1/09
1328,5,49,4,12,2006,5,61,3,9,2007,12/5/06
1329,2,1,1,1,2009,2,41,4,10,2009,1/2/09
1330,21,51,4,12,2007,21,63,3,9,2008,12/21/07
1331,9,2,1,1,2006,9,42,4,10,2006,1/9/06
1332,2,1,1,1,2006,2,41,4,10,2006,1/2/06
1333,30,53,4,12,2005,30,65,3,9,2006,12/30/05
1334,24,52,4,12,2006,24,64,3,9,2007,12/24/06
1335,2,27,3,7,2006,2,39,2,4,2007,7/2/06
1336,9,19,2,5,2006,9,31,1,2,2007,5/9/06
1337,18,16,2,4,2006,18,28,1,1,2007,4/18/06
1338,30,18,2,4,2006,30,30,1,1,2007,4/30/06
1339,20,16,2,4,2006,20,28,1,1,2007,4/20/06
1340,6,2,1,1,2008,6,42,4,10,2008,1/6/08
1341,18,21,2,5,2009,18,33,1,2,2010,5/18/09
1342,27,40,3,9,2009,27,52,2,6,2010,9/27/09
1343,13,38,3,9,2009,13,50,2,6,2010,9/13/09
1344,14,38,3,9,2009,14,50,2,6,2010,9/14/09
1345,16,16,2,4,2005,16,28,1,1,2006,4/16/05
1346,27,22,2,5,2008,27,34,1,2,2009,5/27/08
1347,22,51,4,12,2007,22,63,3,9,2008,12/22/07
1348,12,38,3,9,2010,12,50,2,6,2011,9/12/10
1349,26,18,2,4,2005,26,30,1,1,2006,4/26/05
1350,15,16,2,4,2005,15,28,1,1,2006,4/15/05
1351,17,17,2,4,2005,17,29,1,1,2006,4/17/05
1352,1,14,2,4,2005,1,26,1,1,2006,4/1/05
1353,11,20,2,5,2010,11,32,1,2,2011,5/11/10
1354,14,20,2,5,2010,14,32,1,2,2011,5/14/10
1355,12,20,2,5,2008,12,32,1,2,2009,5/12/08
1356,9,50,4,12,2005,9,62,3,9,2006,12/9/05
1357,13,50,4,12,2008,13,62,3,9,2009,12/13/08
1358,12,3,1,1,2005,12,43,4,10,2005,1/12/05
1359,15,20,2,5,2010,15,32,1,2,2011,5/15/10
1360,28,39,3,9,2006,28,51,2,6,2007,9/28/06
1361,2,14,2,4,2010,2,26,1,1,2011,4/2/10
1362,3,6,1,2,2010,3,46,4,11,2010,2/3/10
1363,16,20,2,5,2009,16,32,1,2,2010,5/16/09
1364,30,22,2,5,2007,30,34,1,2,2008,5/30/07
1365,14,24,2,6,2007,14,36,1,3,2008,6/14/07
1366,18,25,2,6,2007,18,37,1,3,2008,6/18/07
1367,4,23,2,6,2007,4,35,1,3,2008,6/4/07
1368,25,26,2,6,2005,25,38,1,3,2006,6/25/05
1369,10,20,2,5,2009,10,32,1,2,2010,5/10/09
1370,24,48,4,11,2008,24,60,3,8,2009,11/24/08
1371,7,50,4,12,2008,7,62,3,9,2009,12/7/08
1372,15,28,3,7,2006,15,40,2,4,2007,7/15/06
1373,13,33,3,8,2006,13,45,2,5,2007,8/13/06
1374,25,30,3,7,2006,25,42,2,4,2007,7/25/06
1375,27,18,2,4,2009,27,30,1,1,2010,4/27/09
1376,15,20,2,5,2009,15,32,1,2,2010,5/15/09
1377,19,43,4,10,2005,19,55,3,7,2006,10/19/05
1378,27,35,3,8,2008,27,47,2,5,2009,8/27/08
1379,25,39,3,9,2008,25,51,2,6,2009,9/25/08
1380,8,19,2,5,2010,8,31,1,2,2011,5/8/10
1381,4,19,2,5,2010,4,31,1,2,2011,5/4/10
1382,27,18,2,4,2010,27,30,1,1,2011,4/27/10
1383,9,15,2,4,2008,9,27,1,1,2009,4/9/08
1384,5,14,2,4,2008,5,26,1,1,2009,4/5/08
1385,28,26,2,6,2006,28,38,1,3,2007,6/28/06
1386,11,28,3,7,2006,11,40,2,4,2007,7/11/06
1387,21,34,3,8,2008,21,46,2,5,2009,8/21/08
1388,28,35,3,8,2010,28,47,2,5,2011,8/28/10
1389,11,33,3,8,2010,11,45,2,5,2011,8/11/10
1390,2,14,2,4,2005,2,26,1,1,2006,4/2/05
1391,11,46,4,11,2007,11,58,3,8,2008,11/11/07
1392,1,14,2,4,2009,1,26,1,1,2010,4/1/09
1393,22,13,1,3,2009,22,25,4,12,2009,3/22/09
1394,26,21,2,5,2006,26,33,1,2,2007,5/26/06
1395,28,52,4,12,2006,28,64,3,9,2007,12/28/06
1396,25,52,4,12,2006,25,64,3,9,2007,12/25/06
1397,24,21,2,5,2006,24,33,1,2,2007,5/24/06
1398,12,3,1,1,2010,12,43,4,10,2010,1/12/10
1399,7,2,1,1,2010,7,42,4,10,2010,1/7/10
1400,6,32,3,8,2008,6,44,2,5,2009,8/6/08
1401,17,43,4,10,2010,17,55,3,7,2011,10/17/10
1402,8,2,1,1,2009,8,42,4,10,2009,1/8/09
1403,5,27,3,7,2008,5,39,2,4,2009,7/5/08
1404,16,3,1,1,2009,16,43,4,10,2009,1/16/09
1405,21,52,4,12,2008,21,64,3,9,2009,12/21/08
1406,19,30,3,7,2005,19,42,2,4,2006,7/19/05
1407,7,28,3,7,2005,7,40,2,4,2006,7/7/05
1408,3,36,3,9,2005,3,48,2,6,2006,9/3/05
1409,24,9,1,2,2005,24,49,4,11,2005,2/24/05
1410,28,22,2,5,2005,28,34,1,2,2006,5/28/05
1411,4,10,1,3,2007,4,50,4,12,2007,3/4/07
1412,28,10,1,2,2005,28,50,4,11,2005,2/28/05
1413,28,18,2,4,2005,28,30,1,1,2006,4/28/05
1414,18,38,3,9,2009,18,50,2,6,2010,9/18/09
1415,24,4,1,1,2006,24,44,4,10,2006,1/24/06
1416,23,43,4,10,2006,23,55,3,7,2007,10/23/06
1417,28,48,4,11,2009,28,60,3,8,2010,11/28/09
1418,3,14,2,4,2008,3,26,1,1,2009,4/3/08
1419,9,6,1,2,2007,9,46,4,11,2007,2/9/07
1420,2,45,4,11,2008,2,57,3,8,2009,11/2/08
1421,16,7,1,2,2007,16,47,4,11,2007,2/16/07
1422,18,25,2,6,2006,18,37,1,3,2007,6/18/06
1423,1,18,2,5,2010,1,30,1,2,2011,5/1/10
1424,22,35,3,8,2010,22,47,2,5,2011,8/22/10
1425,1,36,3,9,2010,1,48,2,6,2011,9/1/10
1426,24,52,4,12,2008,24,64,3,9,2009,12/24/08
1427,12,3,1,1,2009,12,43,4,10,2009,1/12/09
1428,25,5,1,1,2010,25,45,4,10,2010,1/25/10
1429,2,10,1,3,2008,2,50,4,12,2008,3/2/08
1430,5,32,3,8,2009,5,44,2,5,2010,8/5/09
1431,18,51,4,12,2008,18,63,3,9,2009,12/18/08
1432,5,37,3,9,2005,5,49,2,6,2006,9/5/05
1433,5,10,1,3,2008,5,50,4,12,2008,3/5/08
1434,28,9,1,2,2007,28,49,4,11,2007,2/28/07
1435,28,1,4,12,2009,28,41,3,9,2010,12/28/09
1436,21,12,1,3,2008,21,24,4,12,2008,3/21/08
1437,14,7,1,2,2007,14,47,4,11,2007,2/14/07
1438,19,42,4,10,2006,19,54,3,7,2007,10/19/06
1439,30,45,4,10,2005,30,57,3,7,2006,10/30/05
1440,16,43,4,10,2005,16,55,3,7,2006,10/16/05
1441,5,45,4,11,2005,5,57,3,8,2006,11/5/05
1442,15,11,1,3,2007,15,51,4,12,2007,3/15/07
1443,7,11,1,3,2010,7,51,4,12,2010,3/7/10
1444,6,10,1,3,2010,6,50,4,12,2010,3/6/10
1445,29,30,3,7,2006,29,42,2,4,2007,7/29/06
1446,3,9,1,3,2007,3,49,4,12,2007,3/3/07
1447,29,18,2,4,2005,29,30,1,1,2006,4/29/05
1448,2,9,1,3,2006,2,49,4,12,2006,3/2/06
1449,13,7,1,2,2006,13,47,4,11,2006,2/13/06
1450,29,23,2,5,2005,29,35,1,2,2006,5/29/05
1451,6,7,1,2,2005,6,47,4,11,2005,2/6/05
1452,22,43,4,10,2005,22,55,3,7,2006,10/22/05
1453,23,8,1,2,2008,23,48,4,11,2008,2/23/08
1454,28,5,1,1,2008,28,45,4,10,2008,1/28/08
1455,4,6,1,2,2008,4,46,4,11,2008,2/4/08
1456,15,7,1,2,2008,15,47,4,11,2008,2/15/08
1457,13,20,2,5,2009,13,32,1,2,2010,5/13/09
1458,14,20,2,5,2009,14,32,1,2,2010,5/14/09
1459,6,10,1,3,2006,6,50,4,12,2006,3/6/06
1460,23,8,1,2,2006,23,48,4,11,2006,2/23/06
1461,16,7,1,2,2006,16,47,4,11,2006,2/16/06
1462,2,27,3,7,2009,2,39,2,4,2010,7/2/09
1463,30,27,2,6,2009,30,39,1,3,2010,6/30/09
1464,4,27,3,7,2009,4,39,2,4,2010,7/4/09
1465,26,4,1,1,2007,26,44,4,10,2007,1/26/07
1466,10,20,2,5,2010,10,32,1,2,2011,5/10/10
1467,26,4,1,1,2008,26,44,4,10,2008,1/26/08
1468,7,15,2,4,2005,7,27,1,1,2006,4/7/05
1469,4,23,2,6,2010,4,35,1,3,2011,6/4/10
1470,29,44,4,10,2006,29,56,3,7,2007,10/29/06
1471,27,17,2,4,2006,27,29,1,1,2007,4/27/06
1472,29,17,2,4,2006,29,29,1,1,2007,4/29/06
1473,28,40,3,9,2008,28,52,2,6,2009,9/28/08
1474,29,44,4,10,2007,29,56,3,7,2008,10/29/07
1475,26,43,4,10,2007,26,55,3,7,2008,10/26/07
1476,13,37,3,9,2008,13,49,2,6,2009,9/13/08
1477,17,38,3,9,2008,17,50,2,6,2009,9/17/08
1478,15,42,4,10,2007,15,54,3,7,2008,10/15/07
1479,9,37,3,9,2007,9,49,2,6,2008,9/9/07
1480,5,6,1,2,2005,5,46,4,11,2005,2/5/05
1481,14,3,1,1,2005,14,43,4,10,2005,1/14/05
1482,26,5,1,1,2005,26,45,4,10,2005,1/26/05
1483,14,42,4,10,2005,14,54,3,7,2006,10/14/05
1484,25,9,1,2,2008,25,49,4,11,2008,2/25/08
1485,8,10,1,3,2007,8,50,4,12,2007,3/8/07
1486,2,9,1,3,2007,2,49,4,12,2007,3/2/07
1487,13,25,2,6,2005,13,37,1,3,2006,6/13/05
1488,19,26,2,6,2005,19,38,1,3,2006,6/19/05
1489,1,23,2,6,2005,1,35,1,3,2006,6/1/05
1490,4,19,2,5,2009,4,31,1,2,2010,5/4/09
1491,27,9,1,2,2010,27,49,4,11,2010,2/27/10
1492,28,10,1,2,2010,28,50,4,11,2010,2/28/10
1493,27,52,4,12,2008,27,64,3,9,2009,12/27/08
1494,16,51,4,12,2008,16,63,3,9,2009,12/16/08
1495,30,36,3,8,2010,30,48,2,5,2011,8/30/10
1496,6,37,3,9,2010,6,49,2,6,2011,9/6/10
1497,7,32,3,8,2006,7,44,2,5,2007,8/7/06
1498,8,19,2,5,2009,8,31,1,2,2010,5/8/09
1499,7,19,2,5,2005,7,31,1,2,2006,5/7/05
1500,23,44,4,10,2005,23,56,3,7,2006,10/23/05
1501,29,44,4,10,2005,29,56,3,7,2006,10/29/05
1502,21,39,3,9,2010,21,51,2,6,2011,9/21/10
1503,11,41,4,10,2008,11,53,3,7,2009,10/11/08
1504,27,13,1,3,2006,27,25,4,12,2006,3/27/06
1505,10,10,1,3,2006,10,50,4,12,2006,3/10/06
1506,10,50,4,12,2007,10,62,3,9,2008,12/10/07
1507,21,43,4,10,2009,21,55,3,7,2010,10/21/09
1508,3,19,2,5,2010,3,31,1,2,2011,5/3/10
1509,23,13,1,3,2010,23,25,4,12,2010,3/23/10
1510,13,33,3,8,2009,13,45,2,5,2010,8/13/09
1511,10,15,2,4,2007,10,27,1,1,2008,4/10/07
1512,1,18,2,5,2007,1,30,1,2,2008,5/1/07
1513,17,16,2,4,2007,17,28,1,1,2008,4/17/07
1514,16,3,1,1,2007,16,43,4,10,2007,1/16/07
1515,19,43,4,10,2009,19,55,3,7,2010,10/19/09
1516,16,51,4,12,2005,16,63,3,9,2006,12/16/05
1517,23,52,4,12,2005,23,64,3,9,2006,12/23/05
1518,28,27,2,6,2010,28,39,1,3,2011,6/28/10
1519,12,15,2,4,2006,12,27,1,1,2007,4/12/06
1520,19,52,4,12,2005,19,64,3,9,2006,12/19/05
1521,9,28,3,7,2010,9,40,2,4,2011,7/9/10
1522,25,44,4,10,2009,25,56,3,7,2010,10/25/09
1523,15,42,4,10,2010,15,54,3,7,2011,10/15/10
1524,28,44,4,10,2005,28,56,3,7,2006,10/28/05
1525,24,39,3,9,2005,24,51,2,6,2006,9/24/05
1526,21,34,3,8,2007,21,46,2,5,2008,8/21/07
1527,22,9,1,2,2005,22,49,4,11,2005,2/22/05
1528,17,12,1,3,2005,17,24,4,12,2005,3/17/05
1529,26,31,3,7,2010,26,43,2,4,2011,7/26/10
1530,5,28,3,7,2010,5,40,2,4,2011,7/5/10
1531,5,41,4,10,2009,5,53,3,7,2010,10/5/09
1532,26,39,3,9,2009,26,51,2,6,2010,9/26/09
1533,15,42,4,10,2009,15,54,3,7,2010,10/15/09
1534,15,25,2,6,2008,15,37,1,3,2009,6/15/08
1535,11,11,1,3,2010,11,51,4,12,2010,3/11/10
1536,15,20,2,5,2008,15,32,1,2,2009,5/15/08
1537,31,22,2,5,2008,31,34,1,2,2009,5/31/08
1538,2,23,2,6,2008,2,35,1,3,2009,6/2/08
1539,23,21,2,5,2009,23,33,1,2,2010,5/23/09
1540,22,52,4,12,2004,22,64,3,9,2005,12/22/04
1541,27,1,4,12,2004,27,41,3,9,2005,12/27/04
1542,25,52,4,12,2004,25,64,3,9,2005,12/25/04
1543,17,51,4,12,2004,17,63,3,9,2005,12/17/04
1544,2,19,2,5,2010,2,31,1,2,2011,5/2/10
1545,3,45,4,11,2005,3,57,3,8,2006,11/3/05
1546,5,15,2,4,2005,5,27,1,1,2006,4/5/05
1547,22,4,1,1,2010,22,44,4,10,2010,1/22/10
1548,24,18,2,4,2005,24,30,1,1,2006,4/24/05
1549,27,14,1,3,2005,27,26,4,12,2005,3/27/05
1550,21,25,2,6,2007,21,37,1,3,2008,6/21/07
1551,11,24,2,6,2007,11,36,1,3,2008,6/11/07
1552,24,17,2,4,2008,24,29,1,1,2009,4/24/08
1553,14,16,2,4,2008,14,28,1,1,2009,4/14/08
1554,28,18,2,4,2008,28,30,1,1,2009,4/28/08
1555,5,15,2,4,2009,5,27,1,1,2010,4/5/09
1556,11,28,3,7,2009,11,40,2,4,2010,7/11/09
1557,25,26,2,6,2009,25,38,1,3,2010,6/25/09
1558,1,27,3,7,2009,1,39,2,4,2010,7/1/09
1559,9,3,1,1,2005,9,43,4,10,2005,1/9/05
1560,23,52,4,12,2004,23,64,3,9,2005,12/23/04
1561,31,1,4,12,2004,31,41,3,9,2005,12/31/04
1562,14,20,2,5,2005,14,32,1,2,2006,5/14/05
1563,11,16,2,4,2005,11,28,1,1,2006,4/11/05
1564,23,17,2,4,2005,23,29,1,1,2006,4/23/05
1565,4,10,1,3,2010,4,50,4,12,2010,3/4/10
1566,23,30,3,7,2008,23,42,2,4,2009,7/23/08
1567,14,33,3,8,2008,14,45,2,5,2009,8/14/08
1568,8,28,3,7,2005,8,40,2,4,2006,7/8/05
1569,14,29,3,7,2005,14,41,2,4,2006,7/14/05
1570,12,29,3,7,2005,12,41,2,4,2006,7/12/05
1571,2,35,3,9,2006,2,47,2,6,2007,9/2/06
1572,15,20,2,5,2007,15,32,1,2,2008,5/15/07
1573,30,14,1,3,2008,30,26,4,12,2008,3/30/08
1574,14,37,3,9,2006,14,49,2,6,2007,9/14/06
1575,2,41,4,10,2005,2,53,3,7,2006,10/2/05
1576,16,3,1,1,2006,16,43,4,10,2006,1/16/06
1577,25,4,1,1,2007,25,44,4,10,2007,1/25/07
1578,27,48,4,11,2008,27,60,3,8,2009,11/27/08
1579,1,32,3,8,2010,1,44,2,5,2011,8/1/10
1580,30,31,3,7,2006,30,43,2,4,2007,7/30/06
1581,5,14,2,4,2006,5,26,1,1,2007,4/5/06
1582,4,18,2,5,2007,4,30,1,2,2008,5/4/07
1583,20,21,2,5,2007,20,33,1,2,2008,5/20/07
1584,15,16,2,4,2009,15,28,1,1,2010,4/15/09
1585,13,3,1,1,2009,13,43,4,10,2009,1/13/09
1586,29,48,4,11,2006,29,60,3,8,2007,11/29/06
1587,3,5,1,2,2007,3,45,4,11,2007,2/3/07
1588,23,4,1,1,2007,23,44,4,10,2007,1/23/07
1589,22,17,2,4,2009,22,29,1,1,2010,4/22/09
1590,23,13,1,3,2005,23,25,4,12,2005,3/23/05
1591,1,23,2,6,2010,1,35,1,3,2011,6/1/10
1592,29,5,1,1,2005,29,45,4,10,2005,1/29/05
1593,10,3,1,1,2005,10,43,4,10,2005,1/10/05
1594,29,22,2,5,2006,29,34,1,2,2007,5/29/06
1595,8,19,2,5,2006,8,31,1,2,2007,5/8/06
1596,10,19,2,5,2006,10,31,1,2,2007,5/10/06
1597,22,9,1,2,2010,22,49,4,11,2010,2/22/10
1598,7,32,3,8,2008,7,44,2,5,2009,8/7/08
1599,19,43,4,10,2008,19,55,3,7,2009,10/19/08
1600,5,19,2,5,2009,5,31,1,2,2010,5/5/09
1601,31,32,3,7,2005,31,44,2,4,2006,7/31/05
1602,1,13,2,4,2006,1,25,1,1,2007,4/1/06
1603,21,21,2,5,2005,21,33,1,2,2006,5/21/05
1604,5,31,3,8,2006,5,43,2,5,2007,8/5/06
1605,22,34,3,8,2006,22,46,2,5,2007,8/22/06
1606,26,26,2,6,2008,26,38,1,3,2009,6/26/08
1607,15,33,3,8,2006,15,45,2,5,2007,8/15/06
1608,16,8,1,2,2010,16,48,4,11,2010,2/16/10
1609,26,26,2,6,2006,26,38,1,3,2007,6/26/06
1610,17,16,2,4,2008,17,28,1,1,2009,4/17/08
1611,7,50,4,12,2009,7,62,3,9,2010,12/7/09
1612,2,31,3,8,2006,2,43,2,5,2007,8/2/06
1613,23,48,4,11,2005,23,60,3,8,2006,11/23/05
1614,24,48,4,11,2005,24,60,3,8,2006,11/24/05
1615,20,47,4,11,2007,20,59,3,8,2008,11/20/07
1616,13,47,4,11,2005,13,59,3,8,2006,11/13/05
1617,29,5,1,1,2008,29,45,4,10,2008,1/29/08
1618,12,42,4,10,2010,12,54,3,7,2011,10/12/10
1619,13,16,2,4,2005,13,28,1,1,2006,4/13/05
1620,26,13,1,3,2008,26,25,4,12,2008,3/26/08
1621,19,8,1,2,2005,19,48,4,11,2005,2/19/05
1622,9,11,1,3,2008,9,51,4,12,2008,3/9/08
1623,9,32,3,8,2006,9,44,2,5,2007,8/9/06
1624,1,18,2,5,2009,1,30,1,2,2010,5/1/09
1625,11,32,3,8,2006,11,44,2,5,2007,8/11/06
1626,23,9,1,2,2010,23,49,4,11,2010,2/23/10
1627,12,7,1,2,2007,12,47,4,11,2007,2/12/07
1628,24,9,1,2,2008,24,49,4,11,2008,2/24/08
1629,12,7,1,2,2008,12,47,4,11,2008,2/12/08
1630,30,35,3,8,2007,30,47,2,5,2008,8/30/07
1631,28,9,1,2,2008,28,49,4,11,2008,2/28/08
1632,19,8,1,2,2008,19,48,4,11,2008,2/19/08
1633,25,26,2,6,2010,25,38,1,3,2011,6/25/10
1634,23,30,3,7,2010,23,42,2,4,2011,7/23/10
1635,26,31,3,7,2009,26,43,2,4,2010,7/26/09
1636,4,2,1,1,2009,4,42,4,10,2009,1/4/09
1637,15,3,1,1,2010,15,43,4,10,2010,1/15/10
1638,13,51,4,12,2004,13,63,3,9,2005,12/13/04
1639,29,1,4,12,2004,29,41,3,9,2005,12/29/04
1640,9,45,4,11,2006,9,57,3,8,2007,11/9/06
1641,18,46,4,11,2006,18,58,3,8,2007,11/18/06
1642,1,19,2,5,2005,1,31,1,2,2006,5/1/05
1643,25,9,1,2,2007,25,49,4,11,2007,2/25/07
1644,23,17,2,4,2007,23,29,1,1,2008,4/23/07
1645,14,3,1,1,2007,14,43,4,10,2007,1/14/07
1646,10,37,3,9,2009,10,49,2,6,2010,9/10/09
1647,8,11,1,3,2009,8,51,4,12,2009,3/8/09
1648,9,11,1,3,2010,9,51,4,12,2010,3/9/10
1649,8,11,1,3,2010,8,51,4,12,2010,3/8/10
1650,20,21,2,5,2010,20,33,1,2,2011,5/20/10
1651,28,22,2,5,2010,28,34,1,2,2011,5/28/10
1652,4,14,2,4,2008,4,26,1,1,2009,4/4/08
1653,1,1,1,1,2010,1,41,4,10,2010,1/1/10
1654,20,4,1,1,2010,20,44,4,10,2010,1/20/10
1655,6,41,4,10,2008,6,53,3,7,2009,10/6/08
1656,6,27,3,7,2006,6,39,2,4,2007,7/6/06
1657,22,34,3,8,2009,22,46,2,5,2010,8/22/09
1658,27,35,3,8,2009,27,47,2,5,2010,8/27/09
1659,21,47,4,11,2007,21,59,3,8,2008,11/21/07
1660,4,49,4,12,2007,4,61,3,9,2008,12/4/07
1661,28,26,2,6,2008,28,38,1,3,2009,6/28/08
1662,13,7,1,2,2007,13,47,4,11,2007,2/13/07
1663,4,1,1,1,2008,4,41,4,10,2008,1/4/08
1664,16,21,2,5,2005,16,33,1,2,2006,5/16/05
1665,1,31,3,8,2008,1,43,2,5,2009,8/1/08
1666,10,28,3,7,2008,10,40,2,4,2009,7/10/08
1667,4,27,3,7,2008,4,39,2,4,2009,7/4/08
1668,26,22,2,5,2010,26,34,1,2,2011,5/26/10
1669,27,52,4,12,2006,27,64,3,9,2007,12/27/06
1670,2,36,3,9,2008,2,48,2,6,2009,9/2/08
1671,10,2,1,1,2006,10,42,4,10,2006,1/10/06
1672,9,2,1,1,2007,9,42,4,10,2007,1/9/07
1673,10,11,1,3,2009,10,51,4,12,2009,3/10/09
1674,15,12,1,3,2009,15,24,4,12,2009,3/15/09
1675,10,24,2,6,2007,10,36,1,3,2008,6/10/07
1676,8,10,1,3,2008,8,50,4,12,2008,3/8/08
1677,16,7,1,2,2008,16,47,4,11,2008,2/16/08
1678,1,23,2,6,2009,1,35,1,3,2010,6/1/09
1679,26,35,3,8,2010,26,47,2,5,2011,8/26/10
1680,22,8,1,2,2008,22,48,4,11,2008,2/22/08
1681,12,28,3,7,2006,12,40,2,4,2007,7/12/06
1682,23,43,4,10,2008,23,55,3,7,2009,10/23/08
1683,13,42,4,10,2008,13,54,3,7,2009,10/13/08
1684,10,50,4,12,2009,10,62,3,9,2010,12/10/09
1685,13,29,3,7,2008,13,41,2,4,2009,7/13/08
1686,30,49,4,11,2005,30,61,3,8,2006,11/30/05
1687,26,17,2,4,2007,26,29,1,1,2008,4/26/07
1688,12,15,2,4,2008,12,27,1,1,2009,4/12/08
1689,15,51,4,12,2004,15,63,3,9,2005,12/15/04
1690,13,50,4,12,2007,13,62,3,9,2008,12/13/07
1691,2,36,3,9,2010,2,48,2,6,2011,9/2/10
1692,25,39,3,9,2009,25,51,2,6,2010,9/25/09
1693,21,39,3,9,2009,21,51,2,6,2010,9/21/09
1694,21,51,4,12,2006,21,63,3,9,2007,12/21/06
1695,19,38,3,9,2009,19,50,2,6,2010,9/19/09
1696,28,30,3,7,2007,28,42,2,4,2008,7/28/07
1697,4,1,1,1,2007,4,41,4,10,2007,1/4/07
1698,8,41,4,10,2009,8,53,3,7,2010,10/8/09
1699,12,28,3,7,2007,12,40,2,4,2008,7/12/07
1700,20,29,3,7,2007,20,41,2,4,2008,7/20/07
1701,23,26,2,6,2010,23,38,1,3,2011,6/23/10
1702,9,28,3,7,2007,9,40,2,4,2008,7/9/07
1703,16,29,3,7,2009,16,41,2,4,2010,7/16/09
1704,2,36,3,9,2009,2,48,2,6,2010,9/2/09
1705,26,35,3,8,2009,26,47,2,5,2010,8/26/09
1706,18,16,2,4,2008,18,28,1,1,2009,4/18/08
1707,9,37,3,9,2009,9,49,2,6,2010,9/9/09
1708,5,1,1,1,2008,5,41,4,10,2008,1/5/08
1709,5,10,1,3,2007,5,50,4,12,2007,3/5/07
1710,3,23,2,6,2005,3,35,1,3,2006,6/3/05
1711,11,19,2,5,2007,11,31,1,2,2008,5/11/07
1712,23,21,2,5,2007,23,33,1,2,2008,5/23/07
1713,5,23,2,6,2007,5,35,1,3,2008,6/5/07
1714,3,23,2,6,2007,3,35,1,3,2008,6/3/07
1715,8,23,2,6,2007,8,35,1,3,2008,6/8/07
1716,29,27,2,6,2009,29,39,1,3,2010,6/29/09
1717,1,1,1,1,2007,1,41,4,10,2007,1/1/07
1718,11,2,1,1,2007,11,42,4,10,2007,1/11/07
1719,29,31,3,7,2010,29,43,2,4,2011,7/29/10
1720,19,12,1,3,2009,19,24,4,12,2009,3/19/09
1721,31,36,3,8,2010,31,48,2,5,2011,8/31/10
1722,25,5,1,1,2005,25,45,4,10,2005,1/25/05
1723,2,6,1,2,2005,2,46,4,11,2005,2/2/05
1724,23,17,2,4,2010,23,29,1,1,2011,4/23/10
1725,28,18,2,4,2010,28,30,1,1,2011,4/28/10
1726,6,19,2,5,2009,6,31,1,2,2010,5/6/09
1727,10,41,4,10,2008,10,53,3,7,2009,10/10/08
1728,13,2,1,1,2007,13,42,4,10,2007,1/13/07
1729,23,52,4,12,2008,23,64,3,9,2009,12/23/08
1730,9,50,4,12,2008,9,62,3,9,2009,12/9/08
1731,7,37,3,9,2005,7,49,2,6,2006,9/7/05
1732,12,46,4,11,2009,12,58,3,8,2010,11/12/09
1733,23,48,4,11,2009,23,60,3,8,2010,11/23/09
1734,30,27,2,6,2005,30,39,1,3,2006,6/30/05
1735,2,32,3,8,2005,2,44,2,5,2006,8/2/05
1736,21,17,2,4,2008,21,29,1,1,2009,4/21/08
1737,23,17,2,4,2008,23,29,1,1,2009,4/23/08
1738,13,46,4,11,2007,13,58,3,8,2008,11/13/07
1739,7,23,2,6,2006,7,35,1,3,2007,6/7/06
1740,2,14,2,4,2006,2,26,1,1,2007,4/2/06
1741,3,49,4,12,2009,3,61,3,9,2010,12/3/09
1742,2,18,2,5,2009,2,30,1,2,2010,5/2/09
1743,28,35,3,8,2007,28,47,2,5,2008,8/28/07
1744,5,19,2,5,2005,5,31,1,2,2006,5/5/05
1745,13,33,3,8,2007,13,45,2,5,2008,8/13/07
1746,5,24,2,6,2005,5,36,1,3,2006,6/5/05
1747,8,41,4,10,2005,8,53,3,7,2006,10/8/05
1748,8,37,3,9,2008,8,49,2,6,2009,9/8/08
1749,19,3,1,1,2006,19,43,4,10,2006,1/19/06
1750,9,37,3,9,2008,9,49,2,6,2009,9/9/08
1751,31,31,3,7,2009,31,43,2,4,2010,7/31/09
1752,10,11,1,3,2010,10,51,4,12,2010,3/10/10
1753,3,22,2,6,2006,3,34,1,3,2007,6/3/06
1754,28,22,2,5,2007,28,34,1,2,2008,5/28/07
1755,12,24,2,6,2007,12,36,1,3,2008,6/12/07
1756,28,9,1,2,2006,28,49,4,11,2006,2/28/06
1757,6,32,3,8,2005,6,44,2,5,2006,8/6/05
1758,18,51,4,12,2004,18,63,3,9,2005,12/18/04
1759,7,28,3,7,2010,7,40,2,4,2011,7/7/10
1760,14,38,3,9,2008,14,50,2,6,2009,9/14/08
1761,5,15,2,4,2010,5,27,1,1,2011,4/5/10
1762,21,13,1,3,2010,21,25,4,12,2010,3/21/10
1763,27,27,2,6,2010,27,39,1,3,2011,6/27/10
1764,29,27,2,6,2010,29,39,1,3,2011,6/29/10
1765,27,48,4,11,2009,27,60,3,8,2010,11/27/09
1766,15,34,3,8,2010,15,46,2,5,2011,8/15/10
1767,20,39,3,9,2005,20,51,2,6,2006,9/20/05
1768,15,38,3,9,2005,15,50,2,6,2006,9/15/05
1769,1,36,3,9,2008,1,48,2,6,2009,9/1/08
1770,16,29,3,7,2008,16,41,2,4,2009,7/16/08
1771,4,50,4,12,2005,4,62,3,9,2006,12/4/05
1772,13,51,4,12,2005,13,63,3,9,2006,12/13/05
1773,16,50,4,12,2006,16,62,3,9,2007,12/16/06
1774,7,6,1,2,2006,7,46,4,11,2006,2/7/06
1775,15,16,2,4,2010,15,28,1,1,2011,4/15/10
1776,26,18,2,4,2009,26,30,1,1,2010,4/26/09
1777,2,5,1,2,2008,2,45,4,11,2008,2/2/08
1778,6,2,1,1,2009,6,42,4,10,2009,1/6/09
1779,19,4,1,1,2009,19,44,4,10,2009,1/19/09
1780,31,31,3,7,2010,31,43,2,4,2011,7/31/10
1781,15,3,1,1,2009,15,43,4,10,2009,1/15/09
1782,22,30,3,7,2010,22,42,2,4,2011,7/22/10
1783,3,32,3,8,2010,3,44,2,5,2011,8/3/10
1784,20,16,2,4,2007,20,28,1,1,2008,4/20/07
1785,18,29,3,7,2009,18,41,2,4,2010,7/18/09
1786,11,2,1,1,2006,11,42,4,10,2006,1/11/06
1787,12,46,4,11,2008,12,58,3,8,2009,11/12/08
1788,2,40,4,10,2008,2,52,3,7,2009,10/2/08
1789,1,40,4,10,2008,1,52,3,7,2009,10/1/08
1790,18,38,3,9,2008,18,50,2,6,2009,9/18/08
1791,16,24,2,6,2006,16,36,1,3,2007,6/16/06
1792,17,42,4,10,2008,17,54,3,7,2009,10/17/08
1793,3,6,1,2,2005,3,46,4,11,2005,2/3/05
1794,7,7,1,2,2005,7,47,4,11,2005,2/7/05
1795,12,19,2,5,2007,12,31,1,2,2008,5/12/07
1796,22,13,1,3,2010,22,25,4,12,2010,3/22/10
1797,30,23,2,5,2005,30,35,1,2,2006,5/30/05
1798,31,23,2,5,2005,31,35,1,2,2006,5/31/05
1799,27,9,1,2,2007,27,49,4,11,2007,2/27/07
1800,9,2,1,1,2010,9,42,4,10,2010,1/9/10
1801,17,3,1,1,2008,17,43,4,10,2008,1/17/08
1802,17,7,1,2,2007,17,47,4,11,2007,2/17/07
1803,8,23,2,6,2006,8,35,1,3,2007,6/8/06
1804,11,51,4,12,2005,11,63,3,9,2006,12/11/05
1805,18,52,4,12,2005,18,64,3,9,2006,12/18/05
1806,1,10,1,3,2010,1,50,4,12,2010,3/1/10
1807,15,24,2,6,2007,15,36,1,3,2008,6/15/07
1808,5,2,1,1,2009,5,42,4,10,2009,1/5/09
1809,15,33,3,8,2008,15,45,2,5,2009,8/15/08
1810,29,35,3,8,2008,29,47,2,5,2009,8/29/08
1811,16,12,1,3,2008,16,24,4,12,2008,3/16/08
1812,14,33,3,8,2010,14,45,2,5,2011,8/14/10
1813,22,12,1,3,2008,22,24,4,12,2008,3/22/08
1814,15,33,3,8,2007,15,45,2,5,2008,8/15/07
1815,28,30,3,7,2006,28,42,2,4,2007,7/28/06
1816,13,28,3,7,2006,13,40,2,4,2007,7/13/06
1817,18,29,3,7,2006,18,41,2,4,2007,7/18/06
1818,25,13,1,3,2010,25,25,4,12,2010,3/25/10
1819,18,25,2,6,2008,18,37,1,3,2009,6/18/08
1820,7,6,1,2,2009,7,46,4,11,2009,2/7/09
1821,9,19,2,5,2008,9,31,1,2,2009,5/9/08
1822,29,52,4,12,2006,29,64,3,9,2007,12/29/06
1823,6,6,1,2,2007,6,46,4,11,2007,2/6/07
1824,18,3,1,1,2007,18,43,4,10,2007,1/18/07
1825,17,12,1,3,2009,17,24,4,12,2009,3/17/09
1826,16,16,2,4,2009,16,28,1,1,2010,4/16/09
1827,25,13,1,3,2005,25,25,4,12,2005,3/25/05
1828,8,11,1,3,2005,8,51,4,12,2005,3/8/05
1829,13,42,4,10,2009,13,54,3,7,2010,10/13/09
1830,16,12,1,3,2005,16,24,4,12,2005,3/16/05
1831,8,46,4,11,2009,8,58,3,8,2010,11/8/09
1832,8,32,3,8,2007,8,44,2,5,2008,8/8/07
1833,27,43,4,10,2007,27,55,3,7,2008,10/27/07
1834,11,11,1,3,2008,11,51,4,12,2008,3/11/08
1835,7,10,1,3,2008,7,50,4,12,2008,3/7/08
1836,25,48,4,11,2008,25,60,3,8,2009,11/25/08
1837,6,49,4,12,2008,6,61,3,9,2009,12/6/08
1838,18,16,2,4,2009,18,28,1,1,2010,4/18/09
1839,13,11,1,3,2010,13,51,4,12,2010,3/13/10
1840,20,30,3,7,2010,20,42,2,4,2011,7/20/10
1841,19,8,1,2,2009,19,48,4,11,2009,2/19/09
1842,27,9,1,2,2009,27,49,4,11,2009,2/27/09
1843,4,40,4,10,2006,4,52,3,7,2007,10/4/06
1844,14,11,1,3,2008,14,51,4,12,2008,3/14/08
1845,3,40,4,10,2009,3,52,3,7,2010,10/3/09
1846,20,12,1,3,2010,20,24,4,12,2010,3/20/10
1847,18,8,1,2,2005,18,48,4,11,2005,2/18/05
1848,9,11,1,3,2005,9,51,4,12,2005,3/9/05
1849,14,8,1,2,2005,14,48,4,11,2005,2/14/05
1850,17,8,1,2,2005,17,48,4,11,2005,2/17/05
1851,21,47,4,11,2006,21,59,3,8,2007,11/21/06
1852,3,49,4,12,2006,3,61,3,9,2007,12/3/06
1853,24,47,4,11,2006,24,59,3,8,2007,11/24/06
1854,17,38,3,9,2009,17,50,2,6,2010,9/17/09
1855,7,41,4,10,2009,7,53,3,7,2010,10/7/09
1856,29,40,3,9,2009,29,52,2,6,2010,9/29/09
1857,28,31,3,7,2008,28,43,2,4,2009,7/28/08
1858,25,26,2,6,2008,25,38,1,3,2009,6/25/08
1859,22,52,4,12,2009,22,64,3,9,2010,12/22/09
1860,15,20,2,5,2006,15,32,1,2,2007,5/15/06
1861,2,49,4,12,2007,2,61,3,9,2008,12/2/07
1862,29,48,4,11,2007,29,60,3,8,2008,11/29/07
1863,20,21,2,5,2005,20,33,1,2,2006,5/20/05
1864,27,22,2,5,2005,27,34,1,2,2006,5/27/05
1865,7,19,2,5,2006,7,31,1,2,2007,5/7/06
1866,5,23,2,6,2010,5,35,1,3,2011,6/5/10
1867,5,10,1,3,2010,5,50,4,12,2010,3/5/10
1868,4,45,4,11,2008,4,57,3,8,2009,11/4/08
1869,24,35,3,8,2010,24,47,2,5,2011,8/24/10
1870,24,12,1,3,2006,24,24,4,12,2006,3/24/06
1871,14,29,3,7,2009,14,41,2,4,2010,7/14/09
1872,12,16,2,4,2010,12,28,1,1,2011,4/12/10
1873,5,2,1,1,2005,5,42,4,10,2005,1/5/05
1874,23,34,3,8,2006,23,46,2,5,2007,8/23/06
1875,30,1,4,12,2008,30,41,3,9,2009,12/30/08
1876,25,53,4,12,2005,25,65,3,9,2006,12/25/05
1877,30,36,3,8,2009,30,48,2,5,2010,8/30/09
1878,20,52,4,12,2004,20,64,3,9,2005,12/20/04
1879,4,45,4,11,2007,4,57,3,8,2008,11/4/07
1880,22,43,4,10,2007,22,55,3,7,2008,10/22/07
1881,19,29,3,7,2008,19,41,2,4,2009,7/19/08
1882,7,33,3,8,2005,7,45,2,5,2006,8/7/05
1883,26,22,2,5,2005,26,34,1,2,2006,5/26/05
1884,30,18,2,4,2005,30,30,1,1,2006,4/30/05
1885,11,7,1,2,2008,11,47,4,11,2008,2/11/08
1886,25,43,4,10,2007,25,55,3,7,2008,10/25/07
1887,30,6,1,1,2005,30,46,4,10,2005,1/30/05
1888,7,45,4,11,2008,7,57,3,8,2009,11/7/08
1889,8,20,2,5,2005,8,32,1,2,2006,5/8/05
1890,15,50,4,12,2006,15,62,3,9,2007,12/15/06
1891,19,47,4,11,2006,19,59,3,8,2007,11/19/06
1892,1,22,2,6,2007,1,34,1,3,2008,6/1/07
1893,17,51,4,12,2008,17,63,3,9,2009,12/17/08
1894,9,2,1,1,2009,9,42,4,10,2009,1/9/09
1895,24,39,3,9,2008,24,51,2,6,2009,9/24/08
1896,9,41,4,10,2008,9,53,3,7,2009,10/9/08
1897,3,1,1,1,2006,3,41,4,10,2006,1/3/06
1898,24,5,1,1,2010,24,45,4,10,2010,1/24/10
1899,21,4,1,1,2008,21,44,4,10,2008,1/21/08
1900,20,17,2,4,2010,20,29,1,1,2011,4/20/10
1901,4,15,2,4,2010,4,27,1,1,2011,4/4/10
1902,19,17,2,4,2010,19,29,1,1,2011,4/19/10
1903,16,42,4,10,2006,16,54,3,7,2007,10/16/06
1904,22,51,4,12,2006,22,63,3,9,2007,12/22/06
1905,4,36,3,9,2009,4,48,2,6,2010,9/4/09
1906,7,41,4,10,2008,7,53,3,7,2009,10/7/08
1907,4,14,2,4,2007,4,26,1,1,2008,4/4/07
1908,6,18,2,5,2006,6,30,1,2,2007,5/6/06
1909,1,27,3,7,2010,1,39,2,4,2011,7/1/10
1910,18,11,1,3,2006,18,51,4,12,2006,3/18/06
1911,21,4,1,1,2007,21,44,4,10,2007,1/21/07
1912,30,5,1,1,2007,30,45,4,10,2007,1/30/07
1913,2,49,4,12,2009,2,61,3,9,2010,12/2/09
1914,12,51,4,12,2005,12,63,3,9,2006,12/12/05
1915,1,14,2,4,2010,1,26,1,1,2011,4/1/10
1916,23,17,2,4,2009,23,29,1,1,2010,4/23/09
1917,30,14,1,3,2009,30,26,4,12,2009,3/30/09
1918,22,30,3,7,2007,22,42,2,4,2008,7/22/07
1919,20,43,4,10,2008,20,55,3,7,2009,10/20/08
1920,4,28,3,7,2010,4,40,2,4,2011,7/4/10
1921,14,12,1,3,2010,14,24,4,12,2010,3/14/10
1922,21,52,4,12,2004,21,64,3,9,2005,12/21/04
1923,9,50,4,12,2004,9,62,3,9,2005,12/9/04
1924,16,3,1,1,2010,16,43,4,10,2010,1/16/10
1925,13,3,1,1,2010,13,43,4,10,2010,1/13/10
1926,13,11,1,3,2008,13,51,4,12,2008,3/13/08
1927,29,35,3,8,2006,29,47,2,5,2007,8/29/06
1928,30,44,4,10,2006,30,56,3,7,2007,10/30/06
1929,21,34,3,8,2006,21,46,2,5,2007,8/21/06
1930,12,51,4,12,2004,12,63,3,9,2005,12/12/04
1931,19,17,2,4,2005,19,29,1,1,2006,4/19/05
1932,11,11,1,3,2007,11,51,4,12,2007,3/11/07
1933,9,10,1,3,2006,9,50,4,12,2006,3/9/06
1934,28,9,1,2,2009,28,49,4,11,2009,2/28/09
1935,19,47,4,11,2008,19,59,3,8,2009,11/19/08
1936,29,5,1,1,2009,29,45,4,10,2009,1/29/09
1937,15,25,2,6,2010,15,37,1,3,2011,6/15/10
1938,4,36,3,9,2010,4,48,2,6,2011,9/4/10
1939,23,30,3,7,2005,23,42,2,4,2006,7/23/05
1940,10,10,1,3,2007,10,50,4,12,2007,3/10/07
1941,20,12,1,3,2007,20,24,4,12,2007,3/20/07
1942,12,11,1,3,2005,12,51,4,12,2005,3/12/05
1943,24,8,1,2,2007,24,48,4,11,2007,2/24/07
1944,3,19,2,5,2009,3,31,1,2,2010,5/3/09
1945,25,22,2,5,2005,25,34,1,2,2006,5/25/05
1946,27,30,3,7,2006,27,42,2,4,2007,7/27/06
1947,8,32,3,8,2006,8,44,2,5,2007,8/8/06
1948,9,20,2,5,2010,9,32,1,2,2011,5/9/10
1949,23,4,1,1,2009,23,44,4,10,2009,1/23/09
1950,14,3,1,1,2009,14,43,4,10,2009,1/14/09
1951,21,4,1,1,2009,21,44,4,10,2009,1/21/09
1952,31,44,4,10,2006,31,56,3,7,2007,10/31/06
1953,3,36,3,9,2008,3,48,2,6,2009,9/3/08
1954,8,2,1,1,2008,8,42,4,10,2008,1/8/08
1955,20,9,1,2,2005,20,49,4,11,2005,2/20/05
1956,21,30,3,7,2008,21,42,2,4,2009,7/21/08
1957,4,45,4,11,2009,4,57,3,8,2010,11/4/09
1958,5,32,3,8,2008,5,44,2,5,2009,8/5/08
1959,7,49,4,12,2007,7,61,3,9,2008,12/7/07
1960,5,2,1,1,2010,5,42,4,10,2010,1/5/10
1961,17,16,2,4,2006,17,28,1,1,2007,4/17/06
1962,25,52,4,12,2007,25,64,3,9,2008,12/25/07
1963,11,3,1,1,2005,11,43,4,10,2005,1/11/05
1964,6,32,3,8,2006,6,44,2,5,2007,8/6/06
1965,23,12,1,3,2006,23,24,4,12,2006,3/23/06
1966,23,30,3,7,2006,23,42,2,4,2007,7/23/06
1967,1,18,2,5,2008,1,30,1,2,2009,5/1/08
1968,3,36,3,9,2006,3,48,2,6,2007,9/3/06
1969,22,8,1,2,2006,22,48,4,11,2006,2/22/06
1970,5,49,4,12,2009,5,61,3,9,2010,12/5/09
1971,7,37,3,9,2010,7,49,2,6,2011,9/7/10
1972,3,32,3,8,2009,3,44,2,5,2010,8/3/09
1973,29,1,4,12,2009,29,41,3,9,2010,12/29/09
1974,5,14,2,4,2007,5,26,1,1,2008,4/5/07
1975,15,11,1,3,2008,15,51,4,12,2008,3/15/08
1976,16,38,3,9,2008,16,50,2,6,2009,9/16/08
1977,11,37,3,9,2008,11,49,2,6,2009,9/11/08
1978,24,4,1,1,2007,24,44,4,10,2007,1/24/07
1979,10,2,1,1,2007,10,42,4,10,2007,1/10/07
1980,1,14,2,4,2007,1,26,1,1,2008,4/1/07
1981,15,21,2,5,2005,15,33,1,2,2006,5/15/05
1982,21,21,2,5,2006,21,33,1,2,2007,5/21/06
1983,13,42,4,10,2010,13,54,3,7,2011,10/13/10
1984,4,1,1,1,2006,4,41,4,10,2006,1/4/06
1985,24,52,4,12,2005,24,64,3,9,2006,12/24/05
1986,25,43,4,10,2008,25,55,3,7,2009,10/25/08
1987,6,28,3,7,2005,6,40,2,4,2006,7/6/05
1988,5,6,1,2,2009,5,46,4,11,2009,2/5/09
1989,15,24,2,6,2006,15,36,1,3,2007,6/15/06
1990,24,26,2,6,2008,24,38,1,3,2009,6/24/08
1991,1,27,3,7,2007,1,39,2,4,2008,7/1/07
1992,18,51,4,12,2006,18,63,3,9,2007,12/18/06
1993,10,46,4,11,2005,10,58,3,8,2006,11/10/05
1994,11,46,4,11,2005,11,58,3,8,2006,11/11/05
1995,23,9,1,2,2005,23,49,4,11,2005,2/23/05
1996,1,6,1,2,2005,1,46,4,11,2005,2/1/05
1997,11,24,2,6,2009,11,36,1,3,2010,6/11/09
1998,5,45,4,11,2008,5,57,3,8,2009,11/5/08
1999,5,49,4,12,2008,5,61,3,9,2009,12/5/08
2000,16,29,3,7,2005,16,41,2,4,2006,7/16/05
2001,9,15,2,4,2006,9,27,1,1,2007,4/9/06
2002,8,50,4,12,2009,8,62,3,9,2010,12/8/09
2003,19,21,2,5,2010,19,33,1,2,2011,5/19/10
2004,24,39,3,9,2007,24,51,2,6,2008,9/24/07
2005,16,51,4,12,2009,16,63,3,9,2010,12/16/09
2006,17,12,1,3,2008,17,24,4,12,2008,3/17/08
2007,12,46,4,11,2005,12,58,3,8,2006,11/12/05
2008,17,47,4,11,2005,17,59,3,8,2006,11/17/05
2009,17,34,3,8,2005,17,46,2,5,2006,8/17/05
2010,30,22,2,5,2008,30,34,1,2,2009,5/30/08
2011,19,51,4,12,2007,19,63,3,9,2008,12/19/07
2012,21,21,2,5,2007,21,33,1,2,2008,5/21/07
2013,25,35,3,8,2009,25,47,2,5,2010,8/25/09
2014,10,7,1,2,2008,10,47,4,11,2008,2/10/08
2015,31,36,3,8,2009,31,48,2,5,2010,8/31/09
2016,2,27,3,7,2007,2,39,2,4,2008,7/2/07
2017,6,6,1,2,2010,6,46,4,11,2010,2/6/10
2018,21,9,1,2,2010,21,49,4,11,2010,2/21/10
2019,2,49,4,12,2008,2,61,3,9,2009,12/2/08
2020,5,36,3,9,2008,5,48,2,6,2009,9/5/08
2021,1,31,3,8,2006,1,43,2,5,2007,8/1/06
2022,19,51,4,12,2006,19,63,3,9,2007,12/19/06
2023,4,31,3,8,2006,4,43,2,5,2007,8/4/06
2024,30,23,2,5,2010,30,35,1,2,2011,5/30/10
2025,28,53,4,12,2005,28,65,3,9,2006,12/28/05
2026,23,26,2,6,2008,23,38,1,3,2009,6/23/08
2027,28,22,2,5,2006,28,34,1,2,2007,5/28/06
2028,14,51,4,12,2004,14,63,3,9,2005,12/14/04
2029,19,52,4,12,2004,19,64,3,9,2005,12/19/04
2030,6,50,4,12,2004,6,62,3,9,2005,12/6/04
2031,16,29,3,7,2006,16,41,2,4,2007,7/16/06
2032,25,22,2,5,2009,25,34,1,2,2010,5/25/09
2033,20,3,1,1,2007,20,43,4,10,2007,1/20/07
2034,27,44,4,10,2008,27,56,3,7,2009,10/27/08
2035,29,1,4,12,2008,29,41,3,9,2009,12/29/08
2036,17,29,3,7,2007,17,41,2,4,2008,7/17/07
2037,26,52,4,12,2007,26,64,3,9,2008,12/26/07
2038,14,50,4,12,2007,14,62,3,9,2008,12/14/07
2039,9,19,2,5,2009,9,31,1,2,2010,5/9/09
2040,1,14,2,4,2008,1,26,1,1,2009,4/1/08
2041,9,20,2,5,2005,9,32,1,2,2006,5/9/05
2042,23,5,1,1,2005,23,45,4,10,2005,1/23/05
2043,25,17,2,4,2008,25,29,1,1,2009,4/25/08
2044,13,20,2,5,2008,13,32,1,2,2009,5/13/08
2045,12,33,3,8,2010,12,45,2,5,2011,8/12/10
2046,13,7,1,2,2008,13,47,4,11,2008,2/13/08
2047,22,21,2,5,2010,22,33,1,2,2011,5/22/10
2048,11,50,4,12,2004,11,62,3,9,2005,12/11/04
2049,15,11,1,3,2006,15,51,4,12,2006,3/15/06
2050,1,1,1,1,2008,1,41,4,10,2008,1/1/08
2051,10,2,1,1,2008,10,42,4,10,2008,1/10/08
2052,23,4,1,1,2008,23,44,4,10,2008,1/23/08
2053,26,44,4,10,2008,26,56,3,7,2009,10/26/08
2054,27,17,2,4,2007,27,29,1,1,2008,4/27/07
2055,6,1,1,1,2007,6,41,4,10,2007,1/6/07
2056,20,26,2,6,2005,20,38,1,3,2006,6/20/05
2057,4,10,1,3,2009,4,50,4,12,2009,3/4/09
2058,31,36,3,8,2008,31,48,2,5,2009,8/31/08
2059,21,47,4,11,2008,21,59,3,8,2009,11/21/08
2060,18,43,4,10,2009,18,55,3,7,2010,10/18/09
2061,4,23,2,6,2009,4,35,1,3,2010,6/4/09
2062,22,52,4,12,2008,22,64,3,9,2009,12/22/08
2063,15,38,3,9,2008,15,50,2,6,2009,9/15/08
2064,30,40,3,9,2008,30,52,2,6,2009,9/30/08
2065,14,50,4,12,2006,14,62,3,9,2007,12/14/06
2066,9,15,2,4,2005,9,27,1,1,2006,4/9/05
2067,27,4,1,1,2007,27,44,4,10,2007,1/27/07
2068,29,22,2,5,2007,29,34,1,2,2008,5/29/07
2069,17,29,3,7,2006,17,41,2,4,2007,7/17/06
2070,21,38,3,9,2006,21,50,2,6,2007,9/21/06
2071,21,39,3,9,2008,21,51,2,6,2009,9/21/08
2072,7,15,2,4,2010,7,27,1,1,2011,4/7/10
2073,8,2,1,1,2006,8,42,4,10,2006,1/8/06
2074,17,20,2,5,2006,17,32,1,2,2007,5/17/06
2075,20,39,3,9,2009,20,51,2,6,2010,9/20/09
2076,20,51,4,12,2006,20,63,3,9,2007,12/20/06
2077,8,7,1,2,2005,8,47,4,11,2005,2/8/05
2078,3,49,4,12,2007,3,61,3,9,2008,12/3/07
2079,27,13,1,3,2009,27,25,4,12,2009,3/27/09
2080,15,29,3,7,2008,15,41,2,4,2009,7/15/08
2081,14,29,3,7,2008,14,41,2,4,2009,7/14/08
2082,24,44,4,10,2010,24,56,3,7,2011,10/24/10
2083,11,42,4,10,2010,11,54,3,7,2011,10/11/10
2084,3,23,2,6,2010,3,35,1,3,2011,6/3/10
2085,21,43,4,10,2010,21,55,3,7,2011,10/21/10
2086,16,38,3,9,2005,16,50,2,6,2006,9/16/05
2087,7,1,1,1,2006,7,41,4,10,2006,1/7/06
2088,19,21,2,5,2005,19,33,1,2,2006,5/19/05
2089,23,12,1,3,2007,23,24,4,12,2007,3/23/07
2090,7,2,1,1,2007,7,42,4,10,2007,1/7/07
2091,15,25,2,6,2005,15,37,1,3,2006,6/15/05
2092,17,51,4,12,2006,17,63,3,9,2007,12/17/06
2093,21,8,1,2,2007,21,48,4,11,2007,2/21/07
2094,25,34,3,8,2006,25,46,2,5,2007,8/25/06
2095,3,9,1,3,2006,3,49,4,12,2006,3/3/06
2096,20,25,2,6,2009,20,37,1,3,2010,6/20/09
2097,20,8,1,2,2008,20,48,4,11,2008,2/20/08
2098,24,17,2,4,2007,24,29,1,1,2008,4/24/07
2099,2,49,4,12,2005,2,61,3,9,2006,12/2/05
2100,21,8,1,2,2006,21,48,4,11,2006,2/21/06
2101,22,29,3,7,2006,22,41,2,4,2007,7/22/06
2102,11,7,1,2,2007,11,47,4,11,2007,2/11/07
2103,5,27,3,7,2006,5,39,2,4,2007,7/5/06
2104,27,39,3,9,2006,27,51,2,6,2007,9/27/06
2105,21,12,1,3,2006,21,24,4,12,2006,3/21/06
2106,3,1,1,1,2008,3,41,4,10,2008,1/3/08
2107,31,1,4,12,2008,31,41,3,9,2009,12/31/08
2108,7,50,4,12,2004,7,62,3,9,2005,12/7/04
2109,1,27,3,7,2008,1,39,2,4,2009,7/1/08
2110,21,43,4,10,2005,21,55,3,7,2006,10/21/05
2111,1,10,1,3,2005,1,50,4,12,2005,3/1/05
2112,2,27,3,7,2008,2,39,2,4,2009,7/2/08
2113,20,43,4,10,2010,20,55,3,7,2011,10/20/10
2114,18,43,4,10,2010,18,55,3,7,2011,10/18/10
2115,16,42,4,10,2010,16,54,3,7,2011,10/16/10
2116,2,6,1,2,2010,2,46,4,11,2010,2/2/10
2117,15,34,3,8,2005,15,46,2,5,2006,8/15/05
2118,13,46,4,11,2006,13,58,3,8,2007,11/13/06
2119,1,45,4,11,2005,1,57,3,8,2006,11/1/05
2120,27,26,2,6,2008,27,38,1,3,2009,6/27/08
2121,20,30,3,7,2008,20,42,2,4,2009,7/20/08
2122,14,28,3,7,2006,14,40,2,4,2007,7/14/06
2123,8,41,4,10,2008,8,53,3,7,2009,10/8/08
2124,20,25,2,6,2006,20,37,1,3,2007,6/20/06
2125,16,51,4,12,2007,16,63,3,9,2008,12/16/07
2126,17,47,4,11,2008,17,59,3,8,2009,11/17/08
2127,28,36,3,8,2005,28,48,2,5,2006,8/28/05
2128,8,50,4,12,2004,8,62,3,9,2005,12/8/04
2129,13,20,2,5,2005,13,32,1,2,2006,5/13/05
2130,6,40,4,10,2006,6,52,3,7,2007,10/6/06
2131,1,36,3,9,2009,1,48,2,6,2010,9/1/09
2132,6,15,2,4,2010,6,27,1,1,2011,4/6/10
2133,26,30,3,7,2006,26,42,2,4,2007,7/26/06
2134,10,50,4,12,2004,10,62,3,9,2005,12/10/04
2135,16,11,1,3,2007,16,51,4,12,2007,3/16/07
2136,15,50,4,12,2007,15,62,3,9,2008,12/15/07
2137,22,17,2,4,2005,22,29,1,1,2006,4/22/05
2138,11,7,1,2,2005,11,47,4,11,2005,2/11/05
2139,24,9,1,2,2010,24,49,4,11,2010,2/24/10
2140,26,18,2,4,2010,26,30,1,1,2011,4/26/10
2141,11,2,1,1,2008,11,42,4,10,2008,1/11/08
2142,14,42,4,10,2010,14,54,3,7,2011,10/14/10
2143,8,15,2,4,2008,8,27,1,1,2009,4/8/08
2144,28,5,1,1,2010,28,45,4,10,2010,1/28/10
2145,24,52,4,12,2004,24,64,3,9,2005,12/24/04
2146,14,42,4,10,2008,14,54,3,7,2009,10/14/08
2147,24,30,3,7,2008,24,42,2,4,2009,7/24/08
2148,22,43,4,10,2010,22,55,3,7,2011,10/22/10
2149,8,28,3,7,2008,8,40,2,4,2009,7/8/08
2150,23,43,4,10,2010,23,55,3,7,2011,10/23/10
2151,6,11,1,3,2005,6,51,4,12,2005,3/6/05
2152,25,44,4,10,2010,25,56,3,7,2011,10/25/10
2153,28,44,4,10,2010,28,56,3,7,2011,10/28/10
2154,26,44,4,10,2010,26,56,3,7,2011,10/26/10
2155,5,50,4,12,2004,5,62,3,9,2005,12/5/04
2156,2,49,4,12,2004,2,61,3,9,2005,12/2/04
2157,29,44,4,10,2010,29,56,3,7,2011,10/29/10
2158,27,44,4,10,2010,27,56,3,7,2011,10/27/10